pc_address,ida_name,proposed_name,source_game,source_file,94_source_file,other_game_names,confidence,evidence,fm95_status,fm95_name,segment,method
00010010,sub_10010,,PC-new,,,,none,no Genesis counterpart established (front end/menus/PC libs are PC-original); FM95 candidate name listed for reference,from_fm95(unverified),getRuntimePtr,main_startup,fm95-only
0001002A,sub_1002A,,PC-new,,,,none,no Genesis counterpart established (front end/menus/PC libs are PC-original); FM95 candidate name listed for reference,from_fm95(unverified),accumulateRuntimeStats,main_startup,fm95-only
00010094,main_,main_ (role: Begin),93G,hockey93_01.asm,hockey94.asm,94G Begin,low,"IDA name from entry point / Watcom main_; role of 94 Begin (program entry -> front end), PC-specific body",fm95_role_only(confirmed),Begin [gen=Begin] {Genesis label Begin exists (93G)},main_startup,role
000106C8,sub_106C8,,PC-new,,,,none,no Genesis counterpart established (front end/menus/PC libs are PC-original); FM95 candidate name listed for reference,from_fm95(confirmed),getDiskFreeBytes {_dos_getdiskfree_ found in xrefs},main_startup,fm95-only
00010712,sub_10712,,PC-new,,,,none,no Genesis counterpart established (front end/menus/PC libs are PC-original); FM95 candidate name listed for reference,from_fm95(unverified),initInputConfigFlags,main_startup,fm95-only
0001086A,sub_1086A,,PC-new,,,,none,no Genesis counterpart established (front end/menus/PC libs are PC-original); FM95 candidate name listed for reference,from_fm95(confirmed),readKeyboardInputFlags {sub_B2CBE found in xrefs},main_startup,fm95-only
000109A1,sub_109A1,,PC-new,,,,none,no Genesis counterpart established (front end/menus/PC libs are PC-original); FM95 candidate name listed for reference,from_fm95(unverified),computeInputBitsFromState,main_startup,fm95-only
000109FC,sub_109FC,,PC-new,,,,none,no Genesis counterpart established (front end/menus/PC libs are PC-original); FM95 candidate name listed for reference,from_fm95(unverified),computeAnalogInputDirection,main_startup,fm95-only
00010A86,sub_10A86,,PC-new,,,,none,no Genesis counterpart established (front end/menus/PC libs are PC-original); FM95 candidate name listed for reference,from_fm95(confirmed),dispatchInputReadByMode {sub_109A1 found in xrefs; sub_1086A found in xrefs; sub_109FC found in xrefs},main_startup,fm95-only
00010AC6,sub_10AC6,,PC-new,,,,none,no Genesis counterpart established (front end/menus/PC libs are PC-original); FM95 candidate name listed for reference,from_fm95(unverified),readExtendedInputFlags,main_startup,fm95-only
00010C7F,sub_10C7F,,PC-new,,,,none,no Genesis counterpart established (front end/menus/PC libs are PC-original); FM95 candidate name listed for reference,from_fm95(unverified),readInputWithModifiers,main_startup,fm95-only
00010DCD,sub_10DCD,,PC-new,,,,none,no Genesis counterpart established (front end/menus/PC libs are PC-original); FM95 candidate name listed for reference,from_fm95(confirmed),updateInputQueue {sub_10A86 found in xrefs; sub_10AC6 found in xrefs; sub_10C7F found in xrefs},main_startup,fm95-only
00010E9F,sub_10E9F,,PC-new,,,,none,no Genesis counterpart established (front end/menus/PC libs are PC-original); FM95 candidate name listed for reference,from_fm95(confirmed),setvideo_updateScreenRect [gen=setvideo] {Genesis label setvideo exists (93G)},main_startup,fm95-only
00010F6D,sub_10F6D,,PC-new,,,,none,no Genesis counterpart established (front end/menus/PC libs are PC-original); FM95 candidate name listed for reference,from_fm95(unverified),showIntroOrMenuFlow,main_startup,fm95-only
00011005,sub_11005,,PC-new,,,,none,no Genesis counterpart established (front end/menus/PC libs are PC-original); FM95 candidate name listed for reference,from_fm95(unverified),drawNumberString,main_startup,fm95-only
000110E0,sub_110E0,,PC-new,,,,none,no Genesis counterpart established (front end/menus/PC libs are PC-original); FM95 candidate name listed for reference,from_fm95(unverified),drawSpriteByIndex,main_startup,fm95-only
00011136,sub_11136,,PC-new,,,,none,no Genesis counterpart established (front end/menus/PC libs are PC-original); FM95 candidate name listed for reference,from_fm95(unverified),drawCenteredIcon,main_startup,fm95-only
0001118F,sub_1118F,,PC-new,,,,none,no Genesis counterpart established (front end/menus/PC libs are PC-original); FM95 candidate name listed for reference,from_fm95(unverified),handleMenuInputEvent,main_startup,fm95-only
0001145F,sub_1145F,,PC-new,,,,none,no Genesis counterpart established (front end/menus/PC libs are PC-original); FM95 candidate name listed for reference,from_fm95(unverified),resetMenuInputState,main_startup,fm95-only
0001149A,sub_1149A,,PC-new,,,,none,no Genesis counterpart established (front end/menus/PC libs are PC-original); FM95 candidate name listed for reference,from_fm95(confirmed),pollMenuInputAndDispatch {sub_1118F found in xrefs},main_startup,fm95-only
00011550,sub_11550,,PC-new,,,,none,no Genesis counterpart established (front end/menus/PC libs are PC-original); FM95 candidate name listed for reference,from_fm95(confirmed),blitBannerRows {sub_11598 found in xrefs},main_startup,fm95-only
00011598,sub_11598,,PC-new,,,,none,no Genesis counterpart established (front end/menus/PC libs are PC-original); FM95 candidate name listed for reference,from_fm95(confirmed),drawIntroBanner {sub_11550 found in xrefs},main_startup,fm95-only
0001167B,sub_1167B,,PC-new,,,,none,no Genesis counterpart established (front end/menus/PC libs are PC-original); FM95 candidate name listed for reference,from_fm95(confirmed),frontEndLoop [gen=Opening] {Genesis label Opening exists (93G)},gamesave_io,fm95-only
00011D09,sub_11D09,,PC-new,,,,none,no Genesis counterpart established (front end/menus/PC libs are PC-original); FM95 candidate name listed for reference,from_fm95(confirmed),frontEndPhase2WithSave [gen=Opening] {Genesis label Opening exists (93G); file name game.sav found},gamesave_io,fm95-only
00011FF4,sub_11FF4,assreplace,93G,logic93_5.asm,checks94.asm,92G assreplace; 95G assreplace,medium,"callee alignment under 2 matched caller(s) Setplass, check4bench; cosine: 0.18; fieldseq: 0.29; shared: fb:pflags f:pflags; calls: 0 known Genesis callees present, 0 missing, 0 extra; size: ninsn PC 9 / G 6",fm95_role_only(unverified),setAnimFrameByte,gamesave_io,callgraph(it2)
00012011,sub_12011,assinsert,93G,logic93_5.asm,checks94.asm,92G assinsert; 95G assinsert,high,"callee alignment under 3 matched caller(s) assnearest, forcepldata, puckfaceoff2; cosine: 1.00; fieldseq: 1.00; shared: f:assnum fv:assnum; calls: 0 known Genesis callees present, 0 missing, 0 extra; size: ninsn PC 11 / G 2",fm95_role_only(confirmed),stepAnimFrame {sub_11FF4 found in xrefs},gamesave_io,callgraph(it0)
00012034,sub_12034,,PC-new,,,,none,no Genesis counterpart established (front end/menus/PC libs are PC-original); FM95 candidate name listed for reference,from_fm95(unverified),isScreenStateReady,gamesave_io,fm95-only
0001205D,sub_1205D,,PC-new,,,,none,no Genesis counterpart established (front end/menus/PC libs are PC-original); FM95 candidate name listed for reference,from_fm95(unverified),loadTeamDatabaseAndCache,gamesave_io,fm95-only
00012849,sub_12849,,PC-new,,,,none,no Genesis counterpart established (front end/menus/PC libs are PC-original); FM95 candidate name listed for reference,from_fm95(unverified),buildTeamListEntries,team_stats_screen,fm95-only
00013188,sub_13188,,PC-new,,,,none,no Genesis counterpart established (front end/menus/PC libs are PC-original); FM95 candidate name listed for reference,from_fm95(unverified),formatTeamDisplayNames,team_stats_screen,fm95-only
00013320,sub_13320,,PC-new,,,,none,no Genesis counterpart established (front end/menus/PC libs are PC-original); FM95 candidate name listed for reference,from_fm95(unverified),initAwardsScreenResources,asset_loading,fm95-only
00013867,sub_13867,,PC-new,,,,none,no Genesis counterpart established (front end/menus/PC libs are PC-original); FM95 candidate name listed for reference,from_fm95(unverified),loadNumberSpriteSet,asset_loading,fm95-only
000138D2,sub_138D2,,PC-new,,,,none,no Genesis counterpart established (front end/menus/PC libs are PC-original); FM95 candidate name listed for reference,from_fm95(unverified),loadPPVFrameSet,asset_loading,fm95-only
0001395F,sub_1395F,,PC-new,,,,none,no Genesis counterpart established (front end/menus/PC libs are PC-original); FM95 candidate name listed for reference,from_fm95(confirmed),loadTeamPPVResources {sub_13867 found in xrefs; sub_138D2 found in xrefs},asset_loading,fm95-only
00013A2F,LoadTransparentRinkEndOverlay,LoadTransparentRinkEndOverlay,library,,,,high,IDA name from entry point / Watcom main_,fm95_role_only(unverified),loadTrinketPPV,asset_loading,flirt
00013A91,sub_13A91,,PC-new,,,,none,no Genesis counterpart established (front end/menus/PC libs are PC-original); FM95 candidate name listed for reference,from_fm95(unverified),loadHighlightAndNumberShapes,asset_loading,fm95-only
00013BB4,sub_13BB4,,PC-new,,,,none,no Genesis counterpart established (front end/menus/PC libs are PC-original); FM95 candidate name listed for reference,from_fm95(unverified),initHighlightScreen,asset_loading,fm95-only
00013C79,sub_13C79,,PC-new,,,,none,no Genesis counterpart established (front end/menus/PC libs are PC-original); FM95 candidate name listed for reference,from_fm95(unverified),updateHighlightAnimation,asset_loading,fm95-only
00013E8F,sub_13E8F,,PC-new,,,,none,no Genesis counterpart established (front end/menus/PC libs are PC-original); FM95 candidate name listed for reference,from_fm95(unverified),runHighlightMenuLoop,asset_loading,fm95-only
00013FA7,sub_13FA7,,PC-new,,,,none,no Genesis counterpart established (front end/menus/PC libs are PC-original); FM95 candidate name listed for reference,from_fm95(unverified),initHighlightMenuState,asset_loading,fm95-only
00014056,sub_14056,,PC-new,,,,none,no Genesis counterpart established (front end/menus/PC libs are PC-original); FM95 candidate name listed for reference,from_fm95(unverified),resetHighlightGlobals,asset_loading,fm95-only
000142E7,sub_142E7,,PC-new,,,,none,no Genesis counterpart established (front end/menus/PC libs are PC-original); FM95 candidate name listed for reference,from_fm95(confirmed),tryOpenFileHandle {sub_14525 found in xrefs},asset_loading,fm95-only
0001431E,sub_1431E,,PC-new,,,,none,no Genesis counterpart established (front end/menus/PC libs are PC-original); FM95 candidate name listed for reference,from_fm95(unverified),buildFilePath,file_utils,fm95-only
00014368,sub_14368,,PC-new,,,,none,no Genesis counterpart established (front end/menus/PC libs are PC-original); FM95 candidate name listed for reference,from_fm95(unverified),prepareWritablePath,file_utils,fm95-only
00014442,sub_14442,,PC-new,,,,none,no Genesis counterpart established (front end/menus/PC libs are PC-original); FM95 candidate name listed for reference,from_fm95(unverified),writeDataFile,file_utils,fm95-only
00014525,sub_14525,,PC-new,,,,none,no Genesis counterpart established (front end/menus/PC libs are PC-original); FM95 candidate name listed for reference,from_fm95(unverified),openDataFile,file_utils,fm95-only
0001453E,sub_1453E,,PC-new,,,,none,no Genesis counterpart established (front end/menus/PC libs are PC-original); FM95 candidate name listed for reference,from_fm95(unverified),readDataFileChunk,file_utils,fm95-only
00014552,sub_14552,,PC-new,,,,none,no Genesis counterpart established (front end/menus/PC libs are PC-original); FM95 candidate name listed for reference,from_fm95(unverified),openFileReadWrite,file_utils,fm95-only
00014566,sub_14566,,PC-new,,,,none,no Genesis counterpart established (front end/menus/PC libs are PC-original); FM95 candidate name listed for reference,from_fm95(unverified),readFileHandle,file_utils,fm95-only
0001457C,sub_1457C,,PC-new,,,,none,no Genesis counterpart established (front end/menus/PC libs are PC-original); FM95 candidate name listed for reference,from_fm95(unverified),closeFileHandle,file_utils,fm95-only
000145A2,sub_145A2,,PC-new,,,,none,no Genesis counterpart established (front end/menus/PC libs are PC-original); FM95 candidate name listed for reference,from_fm95(unverified),writeFileHandle,file_utils,fm95-only
000145F9,sub_145F9,,PC-new,,,,none,no Genesis counterpart established (front end/menus/PC libs are PC-original); FM95 candidate name listed for reference,from_fm95(unverified),seekFileHandle,file_utils,fm95-only
0001463D,sub_1463D,,PC-new,,,,none,no Genesis counterpart established (front end/menus/PC libs are PC-original); FM95 candidate name listed for reference,from_fm95(unverified),readDataBlock,file_utils,fm95-only
00014654,sub_14654,,PC-new,,,,none,no Genesis counterpart established (front end/menus/PC libs are PC-original); FM95 candidate name listed for reference,from_fm95(unverified),writeDataBlock,file_utils,fm95-only
0001466B,sub_1466B,,PC-new,,,,none,no Genesis counterpart established (front end/menus/PC libs are PC-original); FM95 candidate name listed for reference,from_fm95(unverified),readFileIntoBuffer,file_utils,fm95-only
0001478B,sub_1478B,,PC-new,,,,none,no Genesis counterpart established (front end/menus/PC libs are PC-original); FM95 candidate name listed for reference,from_fm95(unverified),parseDataRecord,file_utils,fm95-only
000147A0,sub_147A0,,PC-new,,,,none,no Genesis counterpart established (front end/menus/PC libs are PC-original); FM95 candidate name listed for reference,from_fm95(unverified),parseDataRecordAlt,file_utils,fm95-only
000147C9,sub_147C9,,PC-new,,,,none,no Genesis counterpart established (front end/menus/PC libs are PC-original); FM95 candidate name listed for reference,from_fm95(unverified),readIndexedRecord,file_utils,fm95-only
000147FF,sub_147FF,,PC-new,,,,none,no Genesis counterpart established (front end/menus/PC libs are PC-original); FM95 candidate name listed for reference,from_fm95(unverified),readIndexedSmallRecord,file_utils,fm95-only
00014825,sub_14825,,PC-new,,,,none,no Genesis counterpart established (front end/menus/PC libs are PC-original); FM95 candidate name listed for reference,from_fm95(confirmed),computeRequiredDiskBlocks {_dos_getdiskfree_ found in xrefs},file_utils,fm95-only
000148A5,sub_148A5,,PC-new,,,,none,no Genesis counterpart established (front end/menus/PC libs are PC-original); FM95 candidate name listed for reference,from_fm95(unverified),checkSummaryDbSpace,file_utils,fm95-only
000149BF,sub_149BF,,PC-new,,,,none,no Genesis counterpart established (front end/menus/PC libs are PC-original); FM95 candidate name listed for reference,from_fm95(unverified),collectTeamDbSizes,file_utils,fm95-only
00014A20,sub_14A20,,PC-new,,,,none,no Genesis counterpart established (front end/menus/PC libs are PC-original); FM95 candidate name listed for reference,from_fm95(unverified),drawTwoDigitValue,file_utils,fm95-only
00014AFE,sub_14AFE,,PC-new,,,,none,no Genesis counterpart established (front end/menus/PC libs are PC-original); FM95 candidate name listed for reference,from_fm95(unverified),updateMenuDifficultyLabel,file_utils,fm95-only
00014BEF,sub_14BEF,,PC-new,,,,none,no Genesis counterpart established (front end/menus/PC libs are PC-original); FM95 candidate name listed for reference,from_fm95(unverified),buildRateTable,file_utils,fm95-only
00014C22,sub_14C22,,PC-new,,,,none,no Genesis counterpart established (front end/menus/PC libs are PC-original); FM95 candidate name listed for reference,from_fm95(unverified),registerSelectionEntry,file_utils,fm95-only
00014CA0,sub_14CA0,,PC-new,,,,none,no Genesis counterpart established (front end/menus/PC libs are PC-original); FM95 candidate name listed for reference,from_fm95(unverified),clearSelectionEntry,file_utils,fm95-only
00014CF1,sub_14CF1,,PC-new,,,,none,no Genesis counterpart established (front end/menus/PC libs are PC-original); FM95 candidate name listed for reference,from_fm95(unverified),updateSelectionIndicators,file_utils,fm95-only
00014F31,sub_14F31,,PC-new,,,,none,no Genesis counterpart established (front end/menus/PC libs are PC-original); FM95 candidate name listed for reference,from_fm95(unverified),renderSeasonStatsLine,file_utils,fm95-only
000150C6,sub_150C6,,PC-new,,,,none,no Genesis counterpart established (front end/menus/PC libs are PC-original); FM95 candidate name listed for reference,from_fm95(unverified),drawScoreboardPanel,scoreboard_gfx,fm95-only
00015374,sub_15374,,PC-new,,,,none,no Genesis counterpart established (front end/menus/PC libs are PC-original); FM95 candidate name listed for reference,from_fm95(unverified),tickGameClock,scoreboard_gfx,fm95-only
0001540A,sub_1540A,,PC-new,,,,none,no Genesis counterpart established (front end/menus/PC libs are PC-original); FM95 candidate name listed for reference,from_fm95(unverified),refreshScoreDigits,scoreboard_gfx,fm95-only
00015655,sub_15655,,PC-new,,,,none,no Genesis counterpart established (front end/menus/PC libs are PC-original); FM95 candidate name listed for reference,from_fm95(unverified),updateClockEntries,scoreboard_gfx,fm95-only
00015707,sub_15707,,PC-new,,,,none,no Genesis counterpart established (front end/menus/PC libs are PC-original); FM95 candidate name listed for reference,from_fm95(unverified),renderClockEntry,scoreboard_gfx,fm95-only
000157BD,sub_157BD,,PC-new,,,,none,no Genesis counterpart established (front end/menus/PC libs are PC-original); FM95 candidate name listed for reference,from_fm95(unverified),renderStatBars,scoreboard_gfx,fm95-only
00015995,sub_15995,,PC-new,,,,none,no Genesis counterpart established (front end/menus/PC libs are PC-original); FM95 candidate name listed for reference,from_fm95(unverified),renderStandingsTable,scoreboard_gfx,fm95-only
00015B76,sub_15B76,,PC-new,,,,none,no Genesis counterpart established (front end/menus/PC libs are PC-original); FM95 candidate name listed for reference,from_fm95(unverified),updateMessageQueueTimers,scoreboard_gfx,fm95-only
00015C30,sub_15C30,,PC-new,,,,none,no Genesis counterpart established (front end/menus/PC libs are PC-original); FM95 candidate name listed for reference,from_fm95(unverified),enqueueMessageEntry,scoreboard_gfx,fm95-only
00015CE1,sub_15CE1,,PC-new,,,,none,no Genesis counterpart established (front end/menus/PC libs are PC-original); FM95 candidate name listed for reference,from_fm95(unverified),selectMessageSlot,scoreboard_gfx,fm95-only
00015D6B,sub_15D6B,,PC-new,,,,none,no Genesis counterpart established (front end/menus/PC libs are PC-original); FM95 candidate name listed for reference,from_fm95(unverified),initMainGameState,scoreboard_gfx,fm95-only
0001600C,sub_1600C,,PC-new,,,,none,no Genesis counterpart established (front end/menus/PC libs are PC-original); FM95 candidate name listed for reference,from_fm95(unverified),pollMenuAdvanceInput,scoreboard_gfx,fm95-only
00016072,sub_16072,,PC-new,,,,none,no Genesis counterpart established (front end/menus/PC libs are PC-original); FM95 candidate name listed for reference,from_fm95(unverified),readBigEndianDword,scoreboard_gfx,fm95-only
0001609F,sub_1609F,,PC-new,,,,none,no Genesis counterpart established (front end/menus/PC libs are PC-original); FM95 candidate name listed for reference,from_fm95(unverified),showEAScreenSequence,title_intro,fm95-only
0001672A,sub_1672A,,PC-new,,,,none,no Genesis counterpart established (front end/menus/PC libs are PC-original); FM95 candidate name listed for reference,from_fm95(unverified),showTitleSequence,title_intro,fm95-only
00016F9A,sub_16F9A,,PC-new,,,,none,no Genesis counterpart established (front end/menus/PC libs are PC-original); FM95 candidate name listed for reference,from_fm95(unverified),showCreditsSequence,title_intro,fm95-only
000174C2,sub_174C2,,PC-new,,,,none,no Genesis counterpart established (front end/menus/PC libs are PC-original); FM95 candidate name listed for reference,from_fm95(unverified),setTextRenderContext,title_intro,fm95-only
000174D8,sub_174D8,,PC-new,,,,none,no Genesis counterpart established (front end/menus/PC libs are PC-original); FM95 candidate name listed for reference,from_fm95(unverified),renderTextWithBackdrop,title_intro,fm95-only
00017573,sub_17573,,PC-new,,,,none,no Genesis counterpart established (front end/menus/PC libs are PC-original); FM95 candidate name listed for reference,from_fm95(unverified),renderAlignedTextLine,title_intro,fm95-only
000175E2,sub_175E2,,PC-new,,,,none,no Genesis counterpart established (front end/menus/PC libs are PC-original); FM95 candidate name listed for reference,from_fm95(unverified),renderTextComposite,title_intro,fm95-only
00017636,sub_17636,,PC-new,,,,none,no Genesis counterpart established (front end/menus/PC libs are PC-original); FM95 candidate name listed for reference,from_fm95(unverified),renderTextGroup,title_intro,fm95-only
000176AE,sub_176AE,,PC-new,,,,none,no Genesis counterpart established (front end/menus/PC libs are PC-original); FM95 candidate name listed for reference,from_fm95(confirmed),formatAndRenderText {sub_175E2 found in xrefs},title_intro,fm95-only
000176DB,sub_176DB,,PC-new,,,,none,no Genesis counterpart established (front end/menus/PC libs are PC-original); FM95 candidate name listed for reference,from_fm95(confirmed),formatAndRenderTextArg {sub_175E2 found in xrefs},title_intro,fm95-only
00017711,sub_17711,,PC-new,,,,none,no Genesis counterpart established (front end/menus/PC libs are PC-original); FM95 candidate name listed for reference,from_fm95(unverified),initTextBuffers,title_intro,fm95-only
00017756,sub_17756,,PC-new,,,,none,no Genesis counterpart established (front end/menus/PC libs are PC-original); FM95 candidate name listed for reference,from_fm95(unverified),freeTextBuffers,title_intro,fm95-only
0001777E,sub_1777E,,PC-new,,,,none,no Genesis counterpart established (front end/menus/PC libs are PC-original); FM95 candidate name listed for reference,from_fm95(unverified),disableTextBufferWrites,title_intro,fm95-only
00017793,sub_17793,,PC-new,,,,none,no Genesis counterpart established (front end/menus/PC libs are PC-original); FM95 candidate name listed for reference,from_fm95(unverified),writeTextToBuffer,title_intro,fm95-only
00017816,sub_17816,,PC-new,,,,none,no Genesis counterpart established (front end/menus/PC libs are PC-original); FM95 candidate name listed for reference,from_fm95(unverified),exportStatsToFile,output_files,fm95-only
000179B6,sub_179B6,,PC-new,,,,none,no Genesis counterpart established (front end/menus/PC libs are PC-original); FM95 candidate name listed for reference,from_fm95(unverified),setStatsOverlayMode1,output_files,fm95-only
000179D0,sub_179D0,,PC-new,,,,none,no Genesis counterpart established (front end/menus/PC libs are PC-original); FM95 candidate name listed for reference,from_fm95(unverified),setStatsOverlayMode2,output_files,fm95-only
000179E6,sub_179E6,,PC-new,,,,none,no Genesis counterpart established (front end/menus/PC libs are PC-original); FM95 candidate name listed for reference,from_fm95(unverified),setStatsOverlayMode3,output_files,fm95-only
00017A00,sub_17A00,,PC-new,,,,none,no Genesis counterpart established (front end/menus/PC libs are PC-original); FM95 candidate name listed for reference,from_fm95(unverified),resetStatsOverlayState,output_files,fm95-only
00017AF3,sub_17AF3,,PC-new,,,,none,no Genesis counterpart established (front end/menus/PC libs are PC-original); FM95 candidate name listed for reference,from_fm95(unverified),applyStatsOverlayState,output_files,fm95-only
00017EDF,sub_17EDF,,PC-new,,,,none,no Genesis counterpart established (front end/menus/PC libs are PC-original); FM95 candidate name listed for reference,from_fm95(unverified),loadStatsPaletteMode5,palette_fx,fm95-only
00017FBC,sub_17FBC,,PC-new,,,,none,no Genesis counterpart established (front end/menus/PC libs are PC-original); FM95 candidate name listed for reference,from_fm95(unverified),loadStatsPaletteMode1,palette_fx,fm95-only
0001809F,sub_1809F,,PC-new,,,,none,no Genesis counterpart established (front end/menus/PC libs are PC-original); FM95 candidate name listed for reference,from_fm95(unverified),loadStatsPaletteMode2,palette_fx,fm95-only
00018182,sub_18182,,PC-new,,,,none,no Genesis counterpart established (front end/menus/PC libs are PC-original); FM95 candidate name listed for reference,from_fm95(unverified),loadStatsPaletteMode3,palette_fx,fm95-only
00018265,sub_18265,,PC-new,,,,none,no Genesis counterpart established (front end/menus/PC libs are PC-original); FM95 candidate name listed for reference,from_fm95(unverified),loadStatsPaletteMode4,palette_fx,fm95-only
00018348,sub_18348,,PC-new,,,,none,no Genesis counterpart established (front end/menus/PC libs are PC-original); FM95 candidate name listed for reference,from_fm95(unverified),loadStatsPaletteAltMode0,palette_fx,fm95-only
00018425,sub_18425,,PC-new,,,,none,no Genesis counterpart established (front end/menus/PC libs are PC-original); FM95 candidate name listed for reference,from_fm95(unverified),loadStatsPaletteAltMode1,palette_fx,fm95-only
00018508,sub_18508,,PC-new,,,,none,no Genesis counterpart established (front end/menus/PC libs are PC-original); FM95 candidate name listed for reference,from_fm95(unverified),loadStatsPaletteAltMode2,palette_fx,fm95-only
000185EB,sub_185EB,,PC-new,,,,none,no Genesis counterpart established (front end/menus/PC libs are PC-original); FM95 candidate name listed for reference,from_fm95(unverified),loadStatsPaletteAltMode3,palette_fx,fm95-only
000186CE,sub_186CE,,PC-new,,,,none,no Genesis counterpart established (front end/menus/PC libs are PC-original); FM95 candidate name listed for reference,from_fm95(unverified),loadStatsPaletteAltMode4,palette_fx,fm95-only
000187B1,sub_187B1,,PC-new,,,,none,no Genesis counterpart established (front end/menus/PC libs are PC-original); FM95 candidate name listed for reference,from_fm95(unverified),loadStatsPaletteAltMode5,palette_fx,fm95-only
00018894,sub_18894,,PC-new,,,,none,no Genesis counterpart established (front end/menus/PC libs are PC-original); FM95 candidate name listed for reference,from_fm95(unverified),loadStatsPaletteAltMode6,palette_fx,fm95-only
00018977,sub_18977,,PC-new,,,,none,no Genesis counterpart established (front end/menus/PC libs are PC-original); FM95 candidate name listed for reference,from_fm95(unverified),loadStatsPaletteAltMode7,palette_fx,fm95-only
00018A5A,sub_18A5A,,PC-new,,,,none,no Genesis counterpart established (front end/menus/PC libs are PC-original); FM95 candidate name listed for reference,from_fm95(unverified),loadStatsPaletteAltMode8,palette_fx,fm95-only
00018B3D,sub_18B3D,,PC-new,,,,none,no Genesis counterpart established (front end/menus/PC libs are PC-original); FM95 candidate name listed for reference,from_fm95(unverified),loadStatsPaletteAltMode9,palette_fx,fm95-only
00018C20,sub_18C20,,PC-new,,,,none,no Genesis counterpart established (front end/menus/PC libs are PC-original); FM95 candidate name listed for reference,from_fm95(unverified),loadStatsPaletteAltMode10,palette_fx,fm95-only
00018D03,sub_18D03,,PC-new,,,,none,no Genesis counterpart established (front end/menus/PC libs are PC-original); FM95 candidate name listed for reference,from_fm95(unverified),setStatsOverlayMode3Wrapper,palette_fx,fm95-only
00018D0D,sub_18D0D,,PC-new,,,,none,no Genesis counterpart established (front end/menus/PC libs are PC-original); FM95 candidate name listed for reference,from_fm95(unverified),setStatsOverlayMode4Or5,palette_fx,fm95-only
00018D33,sub_18D33,,PC-new,,,,none,no Genesis counterpart established (front end/menus/PC libs are PC-original); FM95 candidate name listed for reference,from_fm95(unverified),freeStatsOverlayBuffers,palette_fx,fm95-only
00018D7F,sub_18D7F,,PC-new,,,,none,no Genesis counterpart established (front end/menus/PC libs are PC-original); FM95 candidate name listed for reference,from_fm95(unverified),promptAndExportStats,frontend_desk,fm95-only
00018F8D,sub_18F8D,,PC-new,,,,none,no Genesis counterpart established (front end/menus/PC libs are PC-original); FM95 candidate name listed for reference,from_fm95(unverified),selectRandomUnusedEntry,frontend_desk,fm95-only
000190BE,sub_190BE,,PC-new,,,,none,no Genesis counterpart established (front end/menus/PC libs are PC-original); FM95 candidate name listed for reference,from_fm95(unverified),updateSelectionScreen,frontend_desk,fm95-only
0001920F,sub_1920F,,PC-new,,,,none,no Genesis counterpart established (front end/menus/PC libs are PC-original); FM95 candidate name listed for reference,from_fm95(unverified),runSelectionScreen,frontend_desk,fm95-only
0001935D,sub_1935D,,PC-new,,,,none,no Genesis counterpart established (front end/menus/PC libs are PC-original); FM95 candidate name listed for reference,from_fm95(unverified),runDeskMenuScreen,frontend_desk,fm95-only
0001A534,sub_1A534,,PC-new,,,,none,no Genesis counterpart established (front end/menus/PC libs are PC-original); FM95 candidate name listed for reference,from_fm95(unverified),initDeskMenuState,frontend_desk,fm95-only
0001A5A1,sub_1A5A1,,PC-new,,,,none,no Genesis counterpart established (front end/menus/PC libs are PC-original); FM95 candidate name listed for reference,from_fm95(unverified),alwaysAllowReturn,frontend_desk,fm95-only
0001A5B1,sub_1A5B1,,PC-new,,,,none,no Genesis counterpart established (front end/menus/PC libs are PC-original); FM95 candidate name listed for reference,from_fm95(unverified),setReturnStateMode5,frontend_desk,fm95-only
0001A5D4,sub_1A5D4,,PC-new,,,,none,no Genesis counterpart established (front end/menus/PC libs are PC-original); FM95 candidate name listed for reference,from_fm95(unverified),confirmReturnPrompt,frontend_desk,fm95-only
0001A6A7,sub_1A6A7,,PC-new,,,,none,no Genesis counterpart established (front end/menus/PC libs are PC-original); FM95 candidate name listed for reference,from_fm95(unverified),confirmExitGamePrompt,frontend_desk,fm95-only
0001A817,code_1A817,,PC-new,,,,none,no Genesis counterpart established (front end/menus/PC libs are PC-original); FM95 candidate name listed for reference,from_fm95(unverified),initDeskMenuStateAlt,frontend_desk,fm95-only
0001A8AA,code_1A8AA,,PC-new,,,,none,no Genesis counterpart established (front end/menus/PC libs are PC-original); FM95 candidate name listed for reference,from_fm95(unverified),transitionMenuState0,frontend_desk,fm95-only
0001A922,code_1A922,,PC-new,,,,none,no Genesis counterpart established (front end/menus/PC libs are PC-original); FM95 candidate name listed for reference,from_fm95(unverified),transitionMenuState1,frontend_desk,fm95-only
0001A96D,code_1A96D,,PC-new,,,,none,no Genesis counterpart established (front end/menus/PC libs are PC-original); FM95 candidate name listed for reference,from_fm95(confirmed),transitionMenuState2 {sub_2F5EE found in xrefs},frontend_desk,fm95-only
0001A9AC,code_1A9AC,,PC-new,,,,none,no Genesis counterpart established (front end/menus/PC libs are PC-original); FM95 candidate name listed for reference,from_fm95(unverified),transitionMenuState3,frontend_desk,fm95-only
0001AA6D,sub_1AA6D,,PC-new,,,,none,no Genesis counterpart established (front end/menus/PC libs are PC-original); FM95 candidate name listed for reference,from_fm95(unverified),startMenuTransitionMode1,frontend_desk,fm95-only
0001AAC4,sub_1AAC4,,PC-new,,,,none,no Genesis counterpart established (front end/menus/PC libs are PC-original); FM95 candidate name listed for reference,from_fm95(unverified),startMenuTransitionMode4,frontend_desk,fm95-only
0001AB95,sub_1AB95,,PC-new,,,,none,no Genesis counterpart established (front end/menus/PC libs are PC-original); FM95 candidate name listed for reference,from_fm95(unverified),setMenuChoiceA,frontend_desk,fm95-only
0001ABC8,sub_1ABC8,,PC-new,,,,none,no Genesis counterpart established (front end/menus/PC libs are PC-original); FM95 candidate name listed for reference,from_fm95(unverified),setMenuChoiceB,frontend_desk,fm95-only
0001ABF1,sub_1ABF1,,PC-new,,,,none,no Genesis counterpart established (front end/menus/PC libs are PC-original); FM95 candidate name listed for reference,from_fm95(unverified),setMenuChoiceNone,frontend_desk,fm95-only
0001AC25,sub_1AC25,,library,,,,none,no Genesis counterpart established (front end/menus/PC libs are PC-original); FM95 candidate name listed for reference,from_fm95(unverified),allocCmvMemBlock,cmv_player,fm95-only
0001AC9A,sub_1AC9A,,library,,,,none,no Genesis counterpart established (front end/menus/PC libs are PC-original); FM95 candidate name listed for reference,from_fm95(unverified),releaseCmvEntryResources,cmv_player,fm95-only
0001ACF1,sub_1ACF1,,library,,,,none,no Genesis counterpart established (front end/menus/PC libs are PC-original); FM95 candidate name listed for reference,from_fm95(unverified),destroyCmvEntry,cmv_player,fm95-only
0001AD16,sub_1AD16,,library,,,,none,no Genesis counterpart established (front end/menus/PC libs are PC-original); FM95 candidate name listed for reference,from_fm95(unverified),initCmvEntryFromBuffer,cmv_player,fm95-only
0001AE6B,sub_1AE6B,,library,,,,none,no Genesis counterpart established (front end/menus/PC libs are PC-original); FM95 candidate name listed for reference,from_fm95(unverified),decodeCmvBlock,cmv_player,fm95-only
0001B002,sub_1B002,,library,,,,none,no Genesis counterpart established (front end/menus/PC libs are PC-original); FM95 candidate name listed for reference,from_fm95(unverified),advanceCmvFrame,cmv_player,fm95-only
0001B092,sub_1B092,,library,,,,none,no Genesis counterpart established (front end/menus/PC libs are PC-original); FM95 candidate name listed for reference,from_fm95(unverified),getCmvParam0,cmv_player,fm95-only
0001B09F,sub_1B09F,,library,,,,none,no Genesis counterpart established (front end/menus/PC libs are PC-original); FM95 candidate name listed for reference,from_fm95(unverified),getCmvParam4,cmv_player,fm95-only
0001B0AD,sub_1B0AD,,library,,,,none,no Genesis counterpart established (front end/menus/PC libs are PC-original); FM95 candidate name listed for reference,from_fm95(unverified),getCmvParam8,cmv_player,fm95-only
0001B0BB,sub_1B0BB,,library,,,,none,no Genesis counterpart established (front end/menus/PC libs are PC-original); FM95 candidate name listed for reference,from_fm95(unverified),getCmvParamC,cmv_player,fm95-only
0001B0C9,sub_1B0C9,,library,,,,none,no Genesis counterpart established (front end/menus/PC libs are PC-original); FM95 candidate name listed for reference,from_fm95(unverified),getCmvParam14,cmv_player,fm95-only
0001B0D7,sub_1B0D7,,library,,,,none,no Genesis counterpart established (front end/menus/PC libs are PC-original); FM95 candidate name listed for reference,from_fm95(unverified),getCmvParam18,cmv_player,fm95-only
0001B0E5,sub_1B0E5,,library,,,,none,no Genesis counterpart established (front end/menus/PC libs are PC-original); FM95 candidate name listed for reference,from_fm95(unverified),getCmvParam1C,cmv_player,fm95-only
0001B0F3,sub_1B0F3,,library,,,,none,no Genesis counterpart established (front end/menus/PC libs are PC-original); FM95 candidate name listed for reference,from_fm95(unverified),createCdStream,cdstream,fm95-only
0001B18B,sub_1B18B,,library,,,,none,no Genesis counterpart established (front end/menus/PC libs are PC-original); FM95 candidate name listed for reference,from_fm95(unverified),destroyCdStream,cdstream,fm95-only
0001B1C2,sub_1B1C2,,library,,,,none,no Genesis counterpart established (front end/menus/PC libs are PC-original); FM95 candidate name listed for reference,from_fm95(unverified),setCdStreamCallbackData,cdstream,fm95-only
0001B2A7,sub_1B2A7,,library,,,,none,no Genesis counterpart established (front end/menus/PC libs are PC-original); FM95 candidate name listed for reference,from_fm95(unverified),updateCdStreamState,cdstream,fm95-only
0001B818,sub_1B818,,library,,,,none,no Genesis counterpart established (front end/menus/PC libs are PC-original); FM95 candidate name listed for reference,from_fm95(unverified),cdStreamPendingDecrement,cdstream,fm95-only
0001B82B,sub_1B82B,,library,,,,none,no Genesis counterpart established (front end/menus/PC libs are PC-original); FM95 candidate name listed for reference,from_fm95(unverified),advanceCdStreamPointer,cdstream,fm95-only
0001B871,sub_1B871,,library,,,,none,no Genesis counterpart established (front end/menus/PC libs are PC-original); FM95 candidate name listed for reference,from_fm95(unverified),getCdStreamSpan,cdstream,fm95-only
0001B88A,sub_1B88A,,library,,,,none,no Genesis counterpart established (front end/menus/PC libs are PC-original); FM95 candidate name listed for reference,from_fm95(unverified),getCdStreamAvailable,cdstream,fm95-only
0001B8AC,sub_1B8AC,,library,,,,none,no Genesis counterpart established (front end/menus/PC libs are PC-original); FM95 candidate name listed for reference,from_fm95(unverified),consumeCdStream,cdstream,fm95-only
0001B92E,sub_1B92E,,library,,,,none,no Genesis counterpart established (front end/menus/PC libs are PC-original); FM95 candidate name listed for reference,from_fm95(unverified),releaseCdStreamBlock,cdstream,fm95-only
0001B982,sub_1B982,,library,,,,none,no Genesis counterpart established (front end/menus/PC libs are PC-original); FM95 candidate name listed for reference,from_fm95(unverified),resetFrontEndResources,cdstream,fm95-only
0001BA85,sub_1BA85,,library,,,,none,no Genesis counterpart established (front end/menus/PC libs are PC-original); FM95 candidate name listed for reference,from_fm95(unverified),freeFrontEndCache,cdstream,fm95-only
0001BAB1,sub_1BAB1,,library,,,,none,no Genesis counterpart established (front end/menus/PC libs are PC-original); FM95 candidate name listed for reference,from_fm95(unverified),freeFrontEndTables,cdstream,fm95-only
0001BAF3,sub_1BAF3,,library,,,,none,no Genesis counterpart established (front end/menus/PC libs are PC-original); FM95 candidate name listed for reference,from_fm95(unverified),loadFrontEndResource,cdstream,fm95-only
0001BBCC,sub_1BBCC,,PC-new,,,,none,no Genesis counterpart established (front end/menus/PC libs are PC-original); FM95 candidate name listed for reference,from_fm95(unverified),loadTeamRecordsBlock,key_team_db,fm95-only
0001BEFD,sub_1BEFD,,PC-new,,,,none,no Genesis counterpart established (front end/menus/PC libs are PC-original); FM95 candidate name listed for reference,from_fm95(unverified),initSeasonDataTables,key_team_db,fm95-only
0001C0AF,sub_1C0AF,,PC-new,,,,none,no Genesis counterpart established (front end/menus/PC libs are PC-original); FM95 candidate name listed for reference,from_fm95(unverified),readSeasonBlocksFromFiles,key_team_db,fm95-only
0001C26C,sub_1C26C,,PC-new,,,,none,no Genesis counterpart established (front end/menus/PC libs are PC-original); FM95 candidate name listed for reference,from_fm95(unverified),buildSeasonRowString,key_team_db,fm95-only
0001C3F6,sub_1C3F6,,PC-new,,,,none,no Genesis counterpart established (front end/menus/PC libs are PC-original); FM95 candidate name listed for reference,from_fm95(unverified),buildSeasonStandingsTables,key_team_db,fm95-only
0001C807,sub_1C807,,PC-new,,,,none,no Genesis counterpart established (front end/menus/PC libs are PC-original); FM95 candidate name listed for reference,from_fm95(unverified),buildGsummaryPath,key_team_db,fm95-only
0001C852,sub_1C852,,PC-new,,,,none,no Genesis counterpart established (front end/menus/PC libs are PC-original); FM95 candidate name listed for reference,from_fm95(unverified),formatSeasonStandingsLines,key_team_db,fm95-only
0001CB7F,sub_1CB7F,,PC-new,,,,none,no Genesis counterpart established (front end/menus/PC libs are PC-original); FM95 candidate name listed for reference,from_fm95(unverified),resetStandingsStrings,key_team_db,fm95-only
0001CBD8,sub_1CBD8,,PC-new,,,,none,no Genesis counterpart established (front end/menus/PC libs are PC-original); FM95 candidate name listed for reference,from_fm95(unverified),resetScoreboardState,key_team_db,fm95-only
0001CC3D,sub_1CC3D,,PC-new,,,,none,no Genesis counterpart established (front end/menus/PC libs are PC-original); FM95 candidate name listed for reference,from_fm95(unverified),loadScoreboardAssets,frontend_labels,fm95-only
0001CD73,sub_1CD73,,PC-new,,,,none,no Genesis counterpart established (front end/menus/PC libs are PC-original); FM95 candidate name listed for reference,from_fm95(unverified),renderMenuRegion,frontend_labels,fm95-only
0001D019,sub_1D019,,PC-new,,,,none,no Genesis counterpart established (front end/menus/PC libs are PC-original); FM95 candidate name listed for reference,from_fm95(unverified),noopStub,frontend_labels,fm95-only
0001D02F,code_1D02F,,PC-new,,,,none,no Genesis counterpart established (front end/menus/PC libs are PC-original); FM95 candidate name listed for reference,from_fm95(unverified),setPointerSpriteState,frontend_labels,fm95-only
0001D100,sub_1D100,,PC-new,,,,none,no Genesis counterpart established (front end/menus/PC libs are PC-original); FM95 candidate name listed for reference,from_fm95(unverified),updateSeasonModeState,frontend_labels,fm95-only
0001D518,sub_1D518,,PC-new,,,,none,no Genesis counterpart established (front end/menus/PC libs are PC-original); FM95 candidate name listed for reference,from_fm95(unverified),buildSeasonPlayoffStrings,frontend_labels,fm95-only
0001D5D5,sub_1D5D5,,PC-new,,,,none,no Genesis counterpart established (front end/menus/PC libs are PC-original); FM95 candidate name listed for reference,from_fm95(unverified),findDotOffset,frontend_labels,fm95-only
0001D610,sub_1D610,,PC-new,,,,none,no Genesis counterpart established (front end/menus/PC libs are PC-original); FM95 candidate name listed for reference,from_fm95(unverified),setBroadcastTheme,frontend_labels,fm95-only
0001D6BE,sub_1D6BE,,PC-new,,,,none,no Genesis counterpart established (front end/menus/PC libs are PC-original); FM95 candidate name listed for reference,from_fm95(unverified),stringsDiffer,frontend_labels,fm95-only
0001D6E8,sub_1D6E8,,PC-new,,,,none,no Genesis counterpart established (front end/menus/PC libs are PC-original); FM95 candidate name listed for reference,from_fm95(unverified),runPointerDrivenUiLoop,menu_system,fm95-only
0001DF03,sub_1DF03,,PC-new,,,,none,no Genesis counterpart established (front end/menus/PC libs are PC-original); FM95 candidate name listed for reference,from_fm95(unverified),runSeasonStandingsUiLoop,menu_system,fm95-only
0001ED96,sub_1ED96,,PC-new,,,,none,no Genesis counterpart established (front end/menus/PC libs are PC-original); FM95 candidate name listed for reference,from_fm95(unverified),runPlayoffStandingsUiLoop,menu_system,fm95-only
0001FAA7,sub_1FAA7,,PC-new,,,,none,no Genesis counterpart established (front end/menus/PC libs are PC-original); FM95 candidate name listed for reference,from_fm95(unverified),initStandingsPaletteTable,menu_system,fm95-only
0001FB7F,sub_1FB7F,,PC-new,,,,none,no Genesis counterpart established (front end/menus/PC libs are PC-original); FM95 candidate name listed for reference,from_fm95(unverified),compareStandingsEntriesPrimary,menu_system,fm95-only
0001FC8F,sub_1FC8F,,PC-new,,,,none,no Genesis counterpart established (front end/menus/PC libs are PC-original); FM95 candidate name listed for reference,from_fm95(unverified),compareStandingsEntriesSecondary,menu_system,fm95-only
0001FF86,sub_1FF86,,PC-new,,,,none,no Genesis counterpart established (front end/menus/PC libs are PC-original); FM95 candidate name listed for reference,from_fm95(unverified),buildSeasonLabelString,menu_system,fm95-only
00020016,sub_20016,,PC-new,,,,none,no Genesis counterpart established (front end/menus/PC libs are PC-original); FM95 candidate name listed for reference,from_fm95(unverified),showStandingsScreenPrimary,easn_stats,fm95-only
00020171,sub_20171,,PC-new,,,,none,no Genesis counterpart established (front end/menus/PC libs are PC-original); FM95 candidate name listed for reference,from_fm95(unverified),showStandingsScreenAlternate,easn_stats,fm95-only
000202E5,sub_202E5,,PC-new,,,,none,no Genesis counterpart established (front end/menus/PC libs are PC-original); FM95 candidate name listed for reference,from_fm95(unverified),showStandingsScreenCompact,easn_stats,fm95-only
000203FA,sub_203FA,,PC-new,,,,none,no Genesis counterpart established (front end/menus/PC libs are PC-original); FM95 candidate name listed for reference,from_fm95(unverified),loadEmbossedTeamAssets,easn_stats,fm95-only
0002051A,sub_2051A,,PC-new,,,,none,no Genesis counterpart established (front end/menus/PC libs are PC-original); FM95 candidate name listed for reference,from_fm95(unverified),runStandingsMenuFlow,easn_stats,fm95-only
00020D97,sub_20D97,,PC-new,,,,none,no Genesis counterpart established (front end/menus/PC libs are PC-original); FM95 candidate name listed for reference,from_fm95(unverified),loadEmbossedTeamAssetsAlt,easn_stats,fm95-only
000212C6,sub_212C6,,PC-new,,,,none,no Genesis counterpart established (front end/menus/PC libs are PC-original); FM95 candidate name listed for reference,from_fm95(unverified),resetCalendarCacheIfTimeout,easn_stats,fm95-only
000212FE,sub_212FE,,PC-new,,,,none,no Genesis counterpart established (front end/menus/PC libs are PC-original); FM95 candidate name listed for reference,from_fm95(unverified),loadCalendarResource,easn_stats,fm95-only
00021350,sub_21350,,PC-new,,,,none,no Genesis counterpart established (front end/menus/PC libs are PC-original); FM95 candidate name listed for reference,from_fm95(unverified),showCalendarScreenPrimary,easn_stats,fm95-only
000214B1,sub_214B1,,PC-new,,,,none,no Genesis counterpart established (front end/menus/PC libs are PC-original); FM95 candidate name listed for reference,from_fm95(unverified),showCalendarScreenAlternate,easn_stats,fm95-only
000215C4,sub_215C4,,PC-new,,,,none,no Genesis counterpart established (front end/menus/PC libs are PC-original); FM95 candidate name listed for reference,from_fm95(unverified),showCalendarScreenCompact,easn_stats,fm95-only
000216D7,sub_216D7,,PC-new,,,,none,no Genesis counterpart established (front end/menus/PC libs are PC-original); FM95 candidate name listed for reference,from_fm95(unverified),loadCalendarAssets,easn_stats,fm95-only
000217FE,sub_217FE,,PC-new,,,,none,no Genesis counterpart established (front end/menus/PC libs are PC-original); FM95 candidate name listed for reference,from_fm95(unverified),runStatsMenuFlow,easn_stats,fm95-only
00021C04,sub_21C04,,PC-new,,,,none,no Genesis counterpart established (front end/menus/PC libs are PC-original); FM95 candidate name listed for reference,from_fm95(unverified),renderStatsTableRow,easn_stats,fm95-only
00021CDE,sub_21CDE,,PC-new,,,,none,no Genesis counterpart established (front end/menus/PC libs are PC-original); FM95 candidate name listed for reference,from_fm95(unverified),renderPlayerStatsScreen,player_stats,fm95-only
00022581,sub_22581,,PC-new,,,,none,no Genesis counterpart established (front end/menus/PC libs are PC-original); FM95 candidate name listed for reference,from_fm95(unverified),renderGoalieStatsScreen,player_stats,fm95-only
00022DDE,sub_22DDE,,PC-new,,,,none,no Genesis counterpart established (front end/menus/PC libs are PC-original); FM95 candidate name listed for reference,from_fm95(unverified),compareStatsEntries,player_stats,fm95-only
000235BE,sub_235BE,,PC-new,,,,none,no Genesis counterpart established (front end/menus/PC libs are PC-original); FM95 candidate name listed for reference,from_fm95(unverified),buildStatsSortLists,player_stats,fm95-only
00024453,sub_24453,,PC-new,,,,none,no Genesis counterpart established (front end/menus/PC libs are PC-original); FM95 candidate name listed for reference,from_fm95(unverified),mapStatsSelectionToIndex,player_stats,fm95-only
000244E2,sub_244E2,,PC-new,,,,none,no Genesis counterpart established (front end/menus/PC libs are PC-original); FM95 candidate name listed for reference,from_fm95(unverified),loadTeamStatsData,player_stats,fm95-only
00025144,sub_25144,,PC-new,,,,none,no Genesis counterpart established (front end/menus/PC libs are PC-original); FM95 candidate name listed for reference,from_fm95(unverified),compareStatsByField02,player_stats,fm95-only
00025237,sub_25237,,PC-new,,,,none,no Genesis counterpart established (front end/menus/PC libs are PC-original); FM95 candidate name listed for reference,from_fm95(unverified),compareStatsByField06,player_stats,fm95-only
00025325,sub_25325,,PC-new,,,,none,no Genesis counterpart established (front end/menus/PC libs are PC-original); FM95 candidate name listed for reference,from_fm95(unverified),compareStatsByField08,player_stats,fm95-only
00025438,sub_25438,,PC-new,,,,none,no Genesis counterpart established (front end/menus/PC libs are PC-original); FM95 candidate name listed for reference,from_fm95(unverified),compareStatsByField0A,player_stats,fm95-only
0002554B,sub_2554B,,PC-new,,,,none,no Genesis counterpart established (front end/menus/PC libs are PC-original); FM95 candidate name listed for reference,from_fm95(unverified),compareStatsByField10,player_stats,fm95-only
00025642,sub_25642,,PC-new,,,,none,no Genesis counterpart established (front end/menus/PC libs are PC-original); FM95 candidate name listed for reference,from_fm95(unverified),compareStatsByField0C,player_stats,fm95-only
00025755,sub_25755,,PC-new,,,,none,no Genesis counterpart established (front end/menus/PC libs are PC-original); FM95 candidate name listed for reference,from_fm95(unverified),compareStatsByIndexThenFields,player_stats,fm95-only
0002586A,sub_2586A,,PC-new,,,,none,no Genesis counterpart established (front end/menus/PC libs are PC-original); FM95 candidate name listed for reference,from_fm95(unverified),compareGoalieStatsByField02,player_stats,fm95-only
000259C0,sub_259C0,,PC-new,,,,none,no Genesis counterpart established (front end/menus/PC libs are PC-original); FM95 candidate name listed for reference,from_fm95(unverified),compareGoalieStatsByField14,player_stats,fm95-only
00025B24,sub_25B24,,PC-new,,,,none,no Genesis counterpart established (front end/menus/PC libs are PC-original); FM95 candidate name listed for reference,from_fm95(unverified),initStatsDataAndIndices,player_stats,fm95-only
00026B5A,sub_26B5A,,PC-new,,,,none,no Genesis counterpart established (front end/menus/PC libs are PC-original); FM95 candidate name listed for reference,from_fm95(unverified),hitTestStatsColumn,player_stats,fm95-only
00027080,sub_27080,,PC-new,,,,none,no Genesis counterpart established (front end/menus/PC libs are PC-original); FM95 candidate name listed for reference,from_fm95(unverified),buildCareerTeamsTable,standings_playoffs,fm95-only
0002785F,sub_2785F,,PC-new,,,,none,no Genesis counterpart established (front end/menus/PC libs are PC-original); FM95 candidate name listed for reference,from_fm95(unverified),applyStatsSortClick,standings_playoffs,fm95-only
00027BC3,sub_27BC3,,PC-new,,,,none,no Genesis counterpart established (front end/menus/PC libs are PC-original); FM95 candidate name listed for reference,from_fm95(unverified),normalizeStatsSortSelection,standings_playoffs,fm95-only
00027C34,sub_27C34,,PC-new,,,,none,no Genesis counterpart established (front end/menus/PC libs are PC-original); FM95 candidate name listed for reference,from_fm95(unverified),buildMatchupHistogram,standings_playoffs,fm95-only
00027F9C,sub_27F9C,,PC-new,,,,none,no Genesis counterpart established (front end/menus/PC libs are PC-original); FM95 candidate name listed for reference,from_fm95(unverified),renderScheduleScreen,standings_playoffs,fm95-only
00029681,sub_29681,,PC-new,,,,none,no Genesis counterpart established (front end/menus/PC libs are PC-original); FM95 candidate name listed for reference,from_fm95(unverified),returnZeroStub,standings_playoffs,fm95-only
000296BA,sub_296BA,,PC-new,,,,none,no Genesis counterpart established (front end/menus/PC libs are PC-original); FM95 candidate name listed for reference,from_fm95(unverified),loadScheduleForMode,standings_playoffs,fm95-only
0002970A,sub_2970A,,PC-new,,,,none,no Genesis counterpart established (front end/menus/PC libs are PC-original); FM95 candidate name listed for reference,from_fm95(unverified),loadScheduleFromDb,league_schedule,fm95-only
0002991C,sub_2991C,,PC-new,,,,none,no Genesis counterpart established (front end/menus/PC libs are PC-original); FM95 candidate name listed for reference,from_fm95(unverified),selectMatchupWinnerIndex,league_schedule,fm95-only
00029A97,sub_29A97,,PC-new,,,,none,no Genesis counterpart established (front end/menus/PC libs are PC-original); FM95 candidate name listed for reference,from_fm95(unverified),loadScheduleFileHandle,league_schedule,fm95-only
00029B07,sub_29B07,,PC-new,,,,none,no Genesis counterpart established (front end/menus/PC libs are PC-original); FM95 candidate name listed for reference,from_fm95(unverified),loadScheduleFromScheduleDb,league_schedule,fm95-only
00029C75,sub_29C75,,PC-new,,,,none,no Genesis counterpart established (front end/menus/PC libs are PC-original); FM95 candidate name listed for reference,from_fm95(unverified),formatNameWithInitial,league_schedule,fm95-only
00029D00,sub_29D00,,PC-new,,,,none,no Genesis counterpart established (front end/menus/PC libs are PC-original); FM95 candidate name listed for reference,from_fm95(unverified),drawFramedPanel,league_schedule,fm95-only
00029F28,sub_29F28,,PC-new,,,,none,no Genesis counterpart established (front end/menus/PC libs are PC-original); FM95 candidate name listed for reference,from_fm95(unverified),runMatchupSetupScreen,arena_logos,fm95-only
0002ABDF,sub_2ABDF,,PC-new,,,,none,no Genesis counterpart established (front end/menus/PC libs are PC-original); FM95 candidate name listed for reference,from_fm95(unverified),loadMatchupLogosAndBackdrop,arena_logos,fm95-only
0002B7C3,sub_2B7C3,,PC-new,,,,none,no Genesis counterpart established (front end/menus/PC libs are PC-original); FM95 candidate name listed for reference,from_fm95(unverified),loadOpenMenuAssets,file_dialogs,fm95-only
0002B944,sub_2B944,,PC-new,,,,none,no Genesis counterpart established (front end/menus/PC libs are PC-original); FM95 candidate name listed for reference,from_fm95(unverified),runOpenLoadMenuFlow,file_dialogs,fm95-only
0002BD16,sub_2BD16,,PC-new,,,,none,no Genesis counterpart established (front end/menus/PC libs are PC-original); FM95 candidate name listed for reference,from_fm95(unverified),renderOpenMenuLabels,file_dialogs,fm95-only
0002BEEA,sub_2BEEA,,PC-new,,,,none,no Genesis counterpart established (front end/menus/PC libs are PC-original); FM95 candidate name listed for reference,from_fm95(unverified),compareSaveNamePtrs,file_dialogs,fm95-only
0002BEFD,sub_2BEFD,,PC-new,,,,none,no Genesis counterpart established (front end/menus/PC libs are PC-original); FM95 candidate name listed for reference,from_fm95(unverified),buildSaveFileLists,file_dialogs,fm95-only
0002C135,sub_2C135,,PC-new,,,,none,no Genesis counterpart established (front end/menus/PC libs are PC-original); FM95 candidate name listed for reference,from_fm95(unverified),drawMenuStringAt,file_dialogs,fm95-only
0002C18F,sub_2C18F,,PC-new,,,,none,no Genesis counterpart established (front end/menus/PC libs are PC-original); FM95 candidate name listed for reference,from_fm95(unverified),renderOpenMenuDialog,file_dialogs,fm95-only
0002C3FF,sub_2C3FF,,PC-new,,,,none,no Genesis counterpart established (front end/menus/PC libs are PC-original); FM95 candidate name listed for reference,from_fm95(unverified),hitTestOpenMenuEntry,file_dialogs,fm95-only
0002C46B,sub_2C46B,,PC-new,,,,none,no Genesis counterpart established (front end/menus/PC libs are PC-original); FM95 candidate name listed for reference,from_fm95(unverified),renderOpenMenuEntries,file_dialogs,fm95-only
0002C801,sub_2C801,,PC-new,,,,none,no Genesis counterpart established (front end/menus/PC libs are PC-original); FM95 candidate name listed for reference,from_fm95(unverified),runOpenMenuPointerLoop,file_dialogs,fm95-only
0002CE29,sub_2CE29,,PC-new,,,,none,no Genesis counterpart established (front end/menus/PC libs are PC-original); FM95 candidate name listed for reference,from_fm95(unverified),confirmAndDeleteSave,file_dialogs,fm95-only
0002D099,sub_2D099,,PC-new,,,,none,no Genesis counterpart established (front end/menus/PC libs are PC-original); FM95 candidate name listed for reference,from_fm95(unverified),loadSelectedSaveData,file_dialogs,fm95-only
0002D260,sub_2D260,,PC-new,,,,none,no Genesis counterpart established (front end/menus/PC libs are PC-original); FM95 candidate name listed for reference,from_fm95(unverified),loadGameSetAndSave,file_dialogs,fm95-only
0002D35A,sub_2D35A,,PC-new,,,,none,no Genesis counterpart established (front end/menus/PC libs are PC-original); FM95 candidate name listed for reference,from_fm95(unverified),runPreGameSetupFlow,game_setup,fm95-only
0002F2B1,sub_2F2B1,,PC-new,,,,none,no Genesis counterpart established (front end/menus/PC libs are PC-original); FM95 candidate name listed for reference,from_fm95(unverified),buildRandomMatchupPairs,game_setup,fm95-only
0002F3D7,sub_2F3D7,,PC-new,,,,none,no Genesis counterpart established (front end/menus/PC libs are PC-original); FM95 candidate name listed for reference,from_fm95(unverified),assignRandomMatchupResults,game_setup,fm95-only
0002F580,sub_2F580,,PC-new,,,,none,no Genesis counterpart established (front end/menus/PC libs are PC-original); FM95 candidate name listed for reference,from_fm95(unverified),drawClampedText,game_setup,fm95-only
0002F5EE,sub_2F5EE,,PC-new,,,,none,no Genesis counterpart established (front end/menus/PC libs are PC-original); FM95 candidate name listed for reference,from_fm95(unverified),runMatchupTitleScreen,game_setup,fm95-only
0002FDD1,sub_2FDD1,,PC-new,,,,none,no Genesis counterpart established (front end/menus/PC libs are PC-original); FM95 candidate name listed for reference,from_fm95(unverified),promptRosterSourceSelection,misc_dialogs,fm95-only
0002FE49,sub_2FE49,,PC-new,,,,none,no Genesis counterpart established (front end/menus/PC libs are PC-original); FM95 candidate name listed for reference,from_fm95(unverified),drawBeveledBox,misc_dialogs,fm95-only
0002FED2,sub_2FED2,,PC-new,,,,none,no Genesis counterpart established (front end/menus/PC libs are PC-original); FM95 candidate name listed for reference,from_fm95(unverified),returnZeroStubDialog,misc_dialogs,fm95-only
0002FEDF,sub_2FEDF,,PC-new,,,,none,no Genesis counterpart established (front end/menus/PC libs are PC-original); FM95 candidate name listed for reference,from_fm95(unverified),runModalSelectionDialog,misc_dialogs,fm95-only
00030209,sub_30209,,PC-new,,,,none,no Genesis counterpart established (front end/menus/PC libs are PC-original); FM95 candidate name listed for reference,from_fm95(unverified),setMenuHighlightColors,misc_dialogs,fm95-only
0003023E,sub_3023E,,PC-new,,,,none,no Genesis counterpart established (front end/menus/PC libs are PC-original); FM95 candidate name listed for reference,from_fm95(unverified),hitTestMenuRow,misc_dialogs,fm95-only
000302B9,sub_302B9,,PC-new,,,,none,no Genesis counterpart established (front end/menus/PC libs are PC-original); FM95 candidate name listed for reference,from_fm95(unverified),drawMenuRow,misc_dialogs,fm95-only
0003039C,sub_3039C,,PC-new,,,,none,no Genesis counterpart established (front end/menus/PC libs are PC-original); FM95 candidate name listed for reference,from_fm95(unverified),renderMenuList,misc_dialogs,fm95-only
000303FB,sub_303FB,,PC-new,,,,none,no Genesis counterpart established (front end/menus/PC libs are PC-original); FM95 candidate name listed for reference,from_fm95(unverified),runScrollableMenuDialog,misc_dialogs,fm95-only
000309E4,sub_309E4,,PC-new,,,,none,no Genesis counterpart established (front end/menus/PC libs are PC-original); FM95 candidate name listed for reference,from_fm95(unverified),updateMenuWidthAccumulator,misc_dialogs,fm95-only
00030A0C,sub_30A0C,,PC-new,,,,none,no Genesis counterpart established (front end/menus/PC libs are PC-original); FM95 candidate name listed for reference,from_fm95(unverified),setUiPaletteColors,misc_dialogs,fm95-only
00030A39,sub_30A39,,PC-new,,,,none,no Genesis counterpart established (front end/menus/PC libs are PC-original); FM95 candidate name listed for reference,from_fm95(unverified),hitTestToggleButtons,misc_dialogs,fm95-only
00030AE2,sub_30AE2,,PC-new,,,,none,no Genesis counterpart established (front end/menus/PC libs are PC-original); FM95 candidate name listed for reference,from_fm95(unverified),clearToggleButtons,misc_dialogs,fm95-only
00030B16,sub_30B16,,PC-new,,,,none,no Genesis counterpart established (front end/menus/PC libs are PC-original); FM95 candidate name listed for reference,from_fm95(unverified),drawToggleButton,misc_dialogs,fm95-only
00030BF3,sub_30BF3,,PC-new,,,,none,no Genesis counterpart established (front end/menus/PC libs are PC-original); FM95 candidate name listed for reference,from_fm95(unverified),initScrollbarState,misc_dialogs,fm95-only
00030C3D,sub_30C3D,,PC-new,,,,none,no Genesis counterpart established (front end/menus/PC libs are PC-original); FM95 candidate name listed for reference,from_fm95(unverified),drawScrollbar,misc_dialogs,fm95-only
00030D0E,sub_30D0E,,PC-new,,,,none,no Genesis counterpart established (front end/menus/PC libs are PC-original); FM95 candidate name listed for reference,from_fm95(unverified),updateScrollbarFromPointer,misc_dialogs,fm95-only
00030E66,sub_30E66,,PC-new,,,,none,no Genesis counterpart established (front end/menus/PC libs are PC-original); FM95 candidate name listed for reference,from_fm95(unverified),createDialogBoxSurface,misc_dialogs,fm95-only
00030F12,sub_30F12,,PC-new,,,,none,no Genesis counterpart established (front end/menus/PC libs are PC-original); FM95 candidate name listed for reference,from_fm95(unverified),destroyDialogBoxSurface,misc_dialogs,fm95-only
00030FB4,sub_30FB4,,PC-new,,,,none,no Genesis counterpart established (front end/menus/PC libs are PC-original); FM95 candidate name listed for reference,from_fm95(unverified),accumulateMenuContentExtents,misc_dialogs,fm95-only
00031013,sub_31013,,PC-new,,,,none,no Genesis counterpart established (front end/menus/PC libs are PC-original); FM95 candidate name listed for reference,from_fm95(unverified),renderMenuDialogAndHandleInput,misc_dialogs,fm95-only
00031250,sub_31250,,PC-new,,,,none,no Genesis counterpart established (front end/menus/PC libs are PC-original); FM95 candidate name listed for reference,from_fm95(unverified),runPointerMenuDialogLoop,misc_dialogs,fm95-only
0003149D,sub_3149D,,PC-new,,,,none,no Genesis counterpart established (front end/menus/PC libs are PC-original); FM95 candidate name listed for reference,from_fm95(unverified),resetDialogTimerState,misc_dialogs,fm95-only
000314B4,sub_314B4,,PC-new,,,,none,no Genesis counterpart established (front end/menus/PC libs are PC-original); FM95 candidate name listed for reference,from_fm95(unverified),renderTextInputCursor,misc_dialogs,fm95-only
00031599,sub_31599,,PC-new,,,,none,no Genesis counterpart established (front end/menus/PC libs are PC-original); FM95 candidate name listed for reference,from_fm95(unverified),renderClippedTextInput,misc_dialogs,fm95-only
0003170D,sub_3170D,,PC-new,,,,none,no Genesis counterpart established (front end/menus/PC libs are PC-original); FM95 candidate name listed for reference,from_fm95(unverified),runTextInputDialog,misc_dialogs,fm95-only
00031AB5,sub_31AB5,,PC-new,,,,none,no Genesis counterpart established (front end/menus/PC libs are PC-original); FM95 candidate name listed for reference,from_fm95(unverified),runDeskFrontEndFlow,main_desk,fm95-only
0003270B,sub_3270B,,PC-new,,,,none,no Genesis counterpart established (front end/menus/PC libs are PC-original); FM95 candidate name listed for reference,from_fm95(unverified),returnOneStub,main_desk,fm95-only
0003271B,sub_3271B,,PC-new,,,,none,no Genesis counterpart established (front end/menus/PC libs are PC-original); FM95 candidate name listed for reference,from_fm95(unverified),buildGameSettingsRecord,main_desk,fm95-only
000327A1,sub_327A1,,PC-new,,,,none,no Genesis counterpart established (front end/menus/PC libs are PC-original); FM95 candidate name listed for reference,from_fm95(unverified),applyGameSettingsRecord,main_desk,fm95-only
00032B1D,sub_32B1D,,PC-new,,,,none,no Genesis counterpart established (front end/menus/PC libs are PC-original); FM95 candidate name listed for reference,from_fm95(unverified),saveGameSettingsFile,main_desk,fm95-only
00032C9E,sub_32C9E,,PC-new,,,,none,no Genesis counterpart established (front end/menus/PC libs are PC-original); FM95 candidate name listed for reference,from_fm95(unverified),loadGameSettingsFile,main_desk,fm95-only
00032DA9,sub_32DA9,,PC-new,,,,none,no Genesis counterpart established (front end/menus/PC libs are PC-original); FM95 candidate name listed for reference,from_fm95(unverified),runStandingsDeskFlow,temp_files,fm95-only
00032FF4,sub_32FF4,,PC-new,,,,none,no Genesis counterpart established (front end/menus/PC libs are PC-original); FM95 candidate name listed for reference,from_fm95(unverified),initLeagueModeState,temp_files,fm95-only
000332C0,sub_332C0,,PC-new,,,,none,no Genesis counterpart established (front end/menus/PC libs are PC-original); FM95 candidate name listed for reference,from_fm95(unverified),runLeagueDatabaseCheckFlow,temp_files,fm95-only
000332F6,sub_332F6,,PC-new,,,,none,no Genesis counterpart established (front end/menus/PC libs are PC-original); FM95 candidate name listed for reference,from_fm95(unverified),runLeagueDatabaseUpdateFlow,temp_files,fm95-only
000333D7,sub_333D7,,PC-new,,,,none,no Genesis counterpart established (front end/menus/PC libs are PC-original); FM95 candidate name listed for reference,from_fm95(unverified),runLeagueDatabaseValidation,temp_files,fm95-only
00033468,nullsub_6,nullsub_6,library,watcom_clib,,,high,IDA FLIRT Watcom library signature (collapsed body 1 bytes),not_in_fm95,,temp_files,flirt
00033469,sub_33469,,PC-new,,,,none,no Genesis counterpart established (front end/menus/PC libs are PC-original); FM95 candidate name listed for reference,from_fm95(unverified),runLeagueDatabaseMerge,temp_files,fm95-only
000334FB,sub_334FB,,PC-new,,,,none,no Genesis counterpart established (front end/menus/PC libs are PC-original); FM95 candidate name listed for reference,from_fm95(unverified),runLeagueDatabaseResetFlow,temp_files,fm95-only
00033559,sub_33559,,PC-new,,,,none,no Genesis counterpart established (front end/menus/PC libs are PC-original); FM95 candidate name listed for reference,from_fm95(confirmed),runLeagueSaveLoadFlow {file name game.sav found},temp_files,fm95-only
0003366F,sub_3366F,,PC-new,,,,none,no Genesis counterpart established (front end/menus/PC libs are PC-original); FM95 candidate name listed for reference,from_fm95(unverified),runLeagueSaveClearFlow,temp_files,fm95-only
000336BE,sub_336BE,,PC-new,,,,none,no Genesis counterpart established (front end/menus/PC libs are PC-original); FM95 candidate name listed for reference,from_fm95(unverified),runLeagueDatabaseRebuildFlow,temp_files,fm95-only
000336E6,sub_336E6,,PC-new,,,,none,no Genesis counterpart established (front end/menus/PC libs are PC-original); FM95 candidate name listed for reference,from_fm95(unverified),runLeagueDatabaseImportFlow,temp_files,fm95-only
0003371C,sub_3371C,,PC-new,,,,none,no Genesis counterpart established (front end/menus/PC libs are PC-original); FM95 candidate name listed for reference,from_fm95(unverified),returnVoidStub,temp_files,fm95-only
00033727,sub_33727,,PC-new,,,,none,no Genesis counterpart established (front end/menus/PC libs are PC-original); FM95 candidate name listed for reference,from_fm95(unverified),releaseRinkResources,temp_files,fm95-only
0003377C,sub_3377C,,PC-new,,,,none,no Genesis counterpart established (front end/menus/PC libs are PC-original); FM95 candidate name listed for reference,from_fm95(unverified),loadRinkResources,rink_tiles,fm95-only
00033C08,sub_33C08,,PC-new,,,,none,no Genesis counterpart established (front end/menus/PC libs are PC-original); FM95 candidate name listed for reference,from_fm95(unverified),blitRinkTileBlock,rink_tiles,fm95-only
00033DD3,sub_33DD3,,PC-new,,,,none,no Genesis counterpart established (front end/menus/PC libs are PC-original); FM95 candidate name listed for reference,from_fm95(unverified),updateRinkScrollOffsets,rink_tiles,fm95-only
00033E6A,sub_33E6A,,PC-new,,,,none,no Genesis counterpart established (front end/menus/PC libs are PC-original); FM95 candidate name listed for reference,from_fm95(unverified),pollPointerInputWithTimeout,rink_tiles,fm95-only
00033FFD,sub_33FFD,,PC-new,,,,none,no Genesis counterpart established (front end/menus/PC libs are PC-original); FM95 candidate name listed for reference,from_fm95(unverified),renderScheduleMatchupGrid,calendar,fm95-only
00034691,sub_34691,,PC-new,,,,none,no Genesis counterpart established (front end/menus/PC libs are PC-original); FM95 candidate name listed for reference,from_fm95(unverified),advanceScheduleWeek,calendar,fm95-only
000346FE,sub_346FE,,PC-new,,,,none,no Genesis counterpart established (front end/menus/PC libs are PC-original); FM95 candidate name listed for reference,from_fm95(unverified),rewindScheduleWeek,calendar,fm95-only
0003476B,sub_3476B,,PC-new,,,,none,no Genesis counterpart established (front end/menus/PC libs are PC-original); FM95 candidate name listed for reference,from_fm95(unverified),resetScheduleSelectionState,calendar,fm95-only
00034789,sub_34789,,PC-new,,,,none,no Genesis counterpart established (front end/menus/PC libs are PC-original); FM95 candidate name listed for reference,from_fm95(unverified),loadSchedulePalette,calendar,fm95-only
000347B7,sub_347B7,,PC-new,,,,none,no Genesis counterpart established (front end/menus/PC libs are PC-original); FM95 candidate name listed for reference,from_fm95(unverified),resolveScheduleSelection,calendar,fm95-only
00034821,sub_34821,,PC-new,,,,none,no Genesis counterpart established (front end/menus/PC libs are PC-original); FM95 candidate name listed for reference,from_fm95(unverified),runCalendarAndScheduleFlow,calendar,fm95-only
00035FB9,sub_35FB9,,PC-new,,,,none,no Genesis counterpart established (front end/menus/PC libs are PC-original); FM95 candidate name listed for reference,from_fm95(unverified),validateLeagueSelection,import_export,fm95-only
00036207,sub_36207,,PC-new,,,,none,no Genesis counterpart established (front end/menus/PC libs are PC-original); FM95 candidate name listed for reference,from_fm95(unverified),buildTeamSuffixPath,import_export,fm95-only
0003626D,sub_3626D,,PC-new,,,,none,no Genesis counterpart established (front end/menus/PC libs are PC-original); FM95 candidate name listed for reference,from_fm95(unverified),processSeasonSummaryData,import_export,fm95-only
00036B93,sub_36B93,,PC-new,,,,none,no Genesis counterpart established (front end/menus/PC libs are PC-original); FM95 candidate name listed for reference,from_fm95(unverified),runLeagueSummaryFlow,import_export,fm95-only
00037B92,sub_37B92,,PC-new,,,,none,no Genesis counterpart established (front end/menus/PC libs are PC-original); FM95 candidate name listed for reference,from_fm95(unverified),hitTestScheduleCell,import_export,fm95-only
00037C53,sub_37C53,,PC-new,,,,none,no Genesis counterpart established (front end/menus/PC libs are PC-original); FM95 candidate name listed for reference,from_fm95(unverified),renderScheduleGridSelection,import_export,fm95-only
00037D6A,sub_37D6A,,PC-new,,,,none,no Genesis counterpart established (front end/menus/PC libs are PC-original); FM95 candidate name listed for reference,from_fm95(unverified),drawScheduleSelectionBackdrop,import_export,fm95-only
00037E5B,sub_37E5B,,PC-new,,,,none,no Genesis counterpart established (front end/menus/PC libs are PC-original); FM95 candidate name listed for reference,from_fm95(unverified),destroyScheduleSelectionBackdrop,import_export,fm95-only
00037EA6,sub_37EA6,,PC-new,,,,none,no Genesis counterpart established (front end/menus/PC libs are PC-original); FM95 candidate name listed for reference,from_fm95(unverified),renderScheduleSelectionBoxes,import_export,fm95-only
00037FBA,sub_37FBA,,PC-new,,,,none,no Genesis counterpart established (front end/menus/PC libs are PC-original); FM95 candidate name listed for reference,from_fm95(unverified),renderScheduleTeamLogos,import_export,fm95-only
000380E9,sub_380E9,,PC-new,,,,none,no Genesis counterpart established (front end/menus/PC libs are PC-original); FM95 candidate name listed for reference,from_fm95(unverified),selectLeagueMasterController,league_setup,fm95-only
00038386,sub_38386,,PC-new,,,,none,no Genesis counterpart established (front end/menus/PC libs are PC-original); FM95 candidate name listed for reference,from_fm95(unverified),updateExportImportSelection,league_setup,fm95-only
000384B8,sub_384B8,,PC-new,,,,none,no Genesis counterpart established (front end/menus/PC libs are PC-original); FM95 candidate name listed for reference,from_fm95(unverified),buildSortedTeamOrderTable,league_setup,fm95-only
00038B25,sub_38B25,,PC-new,,,,none,no Genesis counterpart established (front end/menus/PC libs are PC-original); FM95 candidate name listed for reference,from_fm95(unverified),setScheduleUpdateFlag,league_setup,fm95-only
00038B3A,sub_38B3A,,PC-new,,,,none,no Genesis counterpart established (front end/menus/PC libs are PC-original); FM95 candidate name listed for reference,from_fm95(unverified),clearScheduleUpdateFlag,league_setup,fm95-only
00038B4F,sub_38B4F,,PC-new,,,,none,no Genesis counterpart established (front end/menus/PC libs are PC-original); FM95 candidate name listed for reference,from_fm95(unverified),runLeagueScheduleScreen,league_setup,fm95-only
0003A24F,sub_3A24F,,PC-new,,,,none,no Genesis counterpart established (front end/menus/PC libs are PC-original); FM95 candidate name listed for reference,from_fm95(unverified),readSeasonField2F,league_setup,fm95-only
0003A266,sub_3A266,,PC-new,,,,none,no Genesis counterpart established (front end/menus/PC libs are PC-original); FM95 candidate name listed for reference,from_fm95(unverified),readSeasonField36,league_setup,fm95-only
0003A27D,sub_3A27D,,PC-new,,,,none,no Genesis counterpart established (front end/menus/PC libs are PC-original); FM95 candidate name listed for reference,from_fm95(unverified),readSeasonField36Alt,league_setup,fm95-only
0003A28F,sub_3A28F,,PC-new,,,,none,no Genesis counterpart established (front end/menus/PC libs are PC-original); FM95 candidate name listed for reference,from_fm95(unverified),readSeasonField06,league_setup,fm95-only
0003A2B8,sub_3A2B8,,PC-new,,,,none,no Genesis counterpart established (front end/menus/PC libs are PC-original); FM95 candidate name listed for reference,from_fm95(unverified),copySeasonBlock2E8,league_setup,fm95-only
0003A2EE,sub_3A2EE,,PC-new,,,,none,no Genesis counterpart established (front end/menus/PC libs are PC-original); FM95 candidate name listed for reference,from_fm95(unverified),copySeasonBlock4C,league_setup,fm95-only
0003A31E,sub_3A31E,,PC-new,,,,none,no Genesis counterpart established (front end/menus/PC libs are PC-original); FM95 candidate name listed for reference,from_fm95(unverified),copySeasonBlock1E,league_setup,fm95-only
0003A347,sub_3A347,,PC-new,,,,none,no Genesis counterpart established (front end/menus/PC libs are PC-original); FM95 candidate name listed for reference,from_fm95(unverified),readSeasonField1E,league_setup,fm95-only
0003A395,sub_3A395,,PC-new,,,,none,no Genesis counterpart established (front end/menus/PC libs are PC-original); FM95 candidate name listed for reference,from_fm95(unverified),promptTeamPassword,league_setup,fm95-only
0003A49E,sub_3A49E,,PC-new,,,,none,no Genesis counterpart established (front end/menus/PC libs are PC-original); FM95 candidate name listed for reference,from_fm95(unverified),promptMasterPassword,league_setup,fm95-only
0003A597,sub_3A597,,PC-new,,,,none,no Genesis counterpart established (front end/menus/PC libs are PC-original); FM95 candidate name listed for reference,from_fm95(unverified),xorPasswordBuffer,league_setup,fm95-only
0003A5FC,sub_3A5FC,,PC-new,,,,none,no Genesis counterpart established (front end/menus/PC libs are PC-original); FM95 candidate name listed for reference,from_fm95(unverified),accumulateSeasonRecordDelta,league_setup,fm95-only
0003A71C,sub_3A71C,,PC-new,,,,none,no Genesis counterpart established (front end/menus/PC libs are PC-original); FM95 candidate name listed for reference,from_fm95(unverified),accumulateSeasonHeaderDelta,league_setup,fm95-only
0003A826,sub_3A826,,PC-new,,,,none,no Genesis counterpart established (front end/menus/PC libs are PC-original); FM95 candidate name listed for reference,from_fm95(unverified),accumulateSeasonTotalsDelta,league_setup,fm95-only
0003A9AA,sub_3A9AA,,PC-new,,,,none,no Genesis counterpart established (front end/menus/PC libs are PC-original); FM95 candidate name listed for reference,from_fm95(unverified),buildSeasonSummaryTables,database_merge,fm95-only
0003AE1E,sub_3AE1E,,PC-new,,,,none,no Genesis counterpart established (front end/menus/PC libs are PC-original); FM95 candidate name listed for reference,from_fm95(unverified),loadTeamScheduleEntries,database_merge,fm95-only
0003AF70,sub_3AF70,,PC-new,,,,none,no Genesis counterpart established (front end/menus/PC libs are PC-original); FM95 candidate name listed for reference,from_fm95(unverified),resolveScheduleDiskForGame,database_merge,fm95-only
0003B039,sub_3B039,,PC-new,,,,none,no Genesis counterpart established (front end/menus/PC libs are PC-original); FM95 candidate name listed for reference,from_fm95(unverified),validateLeagueMergeState,database_merge,fm95-only
0003B25A,sub_3B25A,,PC-new,,,,none,no Genesis counterpart established (front end/menus/PC libs are PC-original); FM95 candidate name listed for reference,from_fm95(unverified),mergeLeagueDatabases,database_merge,fm95-only
0003B8B0,sub_3B8B0,,PC-new,,,,none,no Genesis counterpart established (front end/menus/PC libs are PC-original); FM95 candidate name listed for reference,from_fm95(unverified),runLeagueMergeFlow,database_merge,fm95-only
0003B9CA,sub_3B9CA,,PC-new,,,,none,no Genesis counterpart established (front end/menus/PC libs are PC-original); FM95 candidate name listed for reference,from_fm95(unverified),finalizeLeagueMerge,database_merge,fm95-only
0003BB87,sub_3BB87,,PC-new,,,,none,no Genesis counterpart established (front end/menus/PC libs are PC-original); FM95 candidate name listed for reference,from_fm95(unverified),mergePlayerDatabase,database_merge,fm95-only
0003C310,sub_3C310,,PC-new,,,,none,no Genesis counterpart established (front end/menus/PC libs are PC-original); FM95 candidate name listed for reference,from_fm95(unverified),checkLeagueDatabaseFiles,database_merge,fm95-only
0003C3AF,sub_3C3AF,,PC-new,,,,none,no Genesis counterpart established (front end/menus/PC libs are PC-original); FM95 candidate name listed for reference,from_fm95(unverified),importMasterLeagueDatabases,database_merge,fm95-only
0003C6E2,sub_3C6E2,,PC-new,,,,none,no Genesis counterpart established (front end/menus/PC libs are PC-original); FM95 candidate name listed for reference,from_fm95(unverified),importLeaguePlayerDatabases,database_merge,fm95-only
0003CF5B,sub_3CF5B,,PC-new,,,,none,no Genesis counterpart established (front end/menus/PC libs are PC-original); FM95 candidate name listed for reference,from_fm95(unverified),runLeagueImportFlow,database_merge,fm95-only
0003D108,sub_3D108,,PC-new,,,,none,no Genesis counterpart established (front end/menus/PC libs are PC-original); FM95 candidate name listed for reference,from_fm95(unverified),runLeagueExportFlow,database_merge,fm95-only
0003D46D,sub_3D46D,,PC-new,,,,none,no Genesis counterpart established (front end/menus/PC libs are PC-original); FM95 candidate name listed for reference,from_fm95(unverified),selectFloppyDriveForLeague,database_merge,fm95-only
0003D694,sub_3D694,,PC-new,,,,none,no Genesis counterpart established (front end/menus/PC libs are PC-original); FM95 candidate name listed for reference,from_fm95(unverified),verifyLeagueFloppyDisk,database_merge,fm95-only
0003D84F,sub_3D84F,,PC-new,,,,none,no Genesis counterpart established (front end/menus/PC libs are PC-original); FM95 candidate name listed for reference,from_fm95(unverified),promptInsertLeagueDisk,database_merge,fm95-only
0003D8DD,sub_3D8DD,,PC-new,,,,none,no Genesis counterpart established (front end/menus/PC libs are PC-original); FM95 candidate name listed for reference,from_fm95(unverified),readLeaguePinfoMetadata,database_merge,fm95-only
0003DAB9,sub_3DAB9,,PC-new,,,,none,no Genesis counterpart established (front end/menus/PC libs are PC-original); FM95 candidate name listed for reference,from_fm95(unverified),readTeamRecordFieldByIndex,database_merge,fm95-only
0003DB41,sub_3DB41,,PC-new,,,,none,no Genesis counterpart established (front end/menus/PC libs are PC-original); FM95 candidate name listed for reference,from_fm95(confirmed),loadNhlConfigAndInit {file name NHL.CFG found},config_cfg,fm95-only
0003DC2C,sub_3DC2C,,PC-new,,,,none,no Genesis counterpart established (front end/menus/PC libs are PC-original); FM95 candidate name listed for reference,from_fm95(unverified),buildTeamDisplayStrings,roster_jersey,fm95-only
0003DE05,sub_3DE05,,PC-new,,,,none,no Genesis counterpart established (front end/menus/PC libs are PC-original); FM95 candidate name listed for reference,from_fm95(unverified),initStatsResources,roster_jersey,fm95-only
0003E055,sub_3E055,,PC-new,,,,none,no Genesis counterpart established (front end/menus/PC libs are PC-original); FM95 candidate name listed for reference,from_fm95(unverified),buildTeamKeyIndexTable,roster_jersey,fm95-only
0003E390,sub_3E390,,PC-new,,,,none,no Genesis counterpart established (front end/menus/PC libs are PC-original); FM95 candidate name listed for reference,from_fm95(unverified),buildTeamStatsMappingTables,roster_jersey,fm95-only
0003E7B3,sub_3E7B3,,PC-new,,,,none,no Genesis counterpart established (front end/menus/PC libs are PC-original); FM95 candidate name listed for reference,from_fm95(unverified),renderStatsListEntry,roster_jersey,fm95-only
0003E835,sub_3E835,,PC-new,,,,none,no Genesis counterpart established (front end/menus/PC libs are PC-original); FM95 candidate name listed for reference,from_fm95(confirmed),loadHomePaletteTables {file name HOMEPALS.BIN found},roster_jersey,fm95-only
0003E9CF,sub_3E9CF,,PC-new,,,,none,no Genesis counterpart established (front end/menus/PC libs are PC-original); FM95 candidate name listed for reference,from_fm95(unverified),initEmbossedStatsUi,roster_jersey,fm95-only
0003ECAE,sub_3ECAE,,PC-new,,,,none,no Genesis counterpart established (front end/menus/PC libs are PC-original); FM95 candidate name listed for reference,from_fm95(unverified),hitTestStatsGridCell,roster_jersey,fm95-only
0003EDAA,sub_3EDAA,,PC-new,,,,none,no Genesis counterpart established (front end/menus/PC libs are PC-original); FM95 candidate name listed for reference,from_fm95(unverified),validateStatsGroupBalance,roster_jersey,fm95-only
0003EF27,sub_3EF27,,PC-new,,,,none,no Genesis counterpart established (front end/menus/PC libs are PC-original); FM95 candidate name listed for reference,from_fm95(unverified),resetStatsGroupBalanceFlag,roster_jersey,fm95-only
0003EF3C,sub_3EF3C,,PC-new,,,,none,no Genesis counterpart established (front end/menus/PC libs are PC-original); FM95 candidate name listed for reference,from_fm95(unverified),findTeamIndexByCode,roster_jersey,fm95-only
0003EF89,sub_3EF89,,PC-new,,,,none,no Genesis counterpart established (front end/menus/PC libs are PC-original); FM95 candidate name listed for reference,from_fm95(unverified),runTeamStatsSelectionLoop,roster_jersey,fm95-only
0003FEF0,sub_3FEF0,,PC-new,,,,none,no Genesis counterpart established (front end/menus/PC libs are PC-original); FM95 candidate name listed for reference,from_fm95(unverified),compareTeamListEntries,roster_jersey,fm95-only
0003FF52,sub_3FF52,,PC-new,,,,none,no Genesis counterpart established (front end/menus/PC libs are PC-original); FM95 candidate name listed for reference,from_fm95(unverified),runTeamStatsSelectionScreen,roster_jersey,fm95-only
00040183,sub_40183,,PC-new,,,,none,no Genesis counterpart established (front end/menus/PC libs are PC-original); FM95 candidate name listed for reference,from_fm95(unverified),runMasterDatabaseManagementFlow,trades,fm95-only
000408F5,sub_408F5,,PC-new,,,,none,no Genesis counterpart established (front end/menus/PC libs are PC-original); FM95 candidate name listed for reference,from_fm95(unverified),loadPlayoffBracketData,trades,fm95-only
00040C29,sub_40C29,,PC-new,,,,none,no Genesis counterpart established (front end/menus/PC libs are PC-original); FM95 candidate name listed for reference,from_fm95(unverified),removeHumanControlledTeam,trades,fm95-only
00040F4E,sub_40F4E,,PC-new,,,,none,no Genesis counterpart established (front end/menus/PC libs are PC-original); FM95 candidate name listed for reference,from_fm95(unverified),preparePracticeLeagueData,trades,fm95-only
00041171,sub_41171,,PC-new,,,,none,no Genesis counterpart established (front end/menus/PC libs are PC-original); FM95 candidate name listed for reference,from_fm95(confirmed),"buildLeagueSourceMessage {string ""<team> from the league <name>"" found}",trades,fm95-only
00041337,sub_41337,,PC-new,,,,none,no Genesis counterpart established (front end/menus/PC libs are PC-original); FM95 candidate name listed for reference,from_fm95(unverified),returnZeroStubDb,trades,fm95-only
00041344,sub_41344,,PC-new,,,,none,no Genesis counterpart established (front end/menus/PC libs are PC-original); FM95 candidate name listed for reference,from_fm95(unverified),readPlayerTeamIndexFromPinfo,trades,fm95-only
000413CD,sub_413CD,,PC-new,,,,none,no Genesis counterpart established (front end/menus/PC libs are PC-original); FM95 candidate name listed for reference,from_fm95(unverified),readLeaguePinfoFields,trades,fm95-only
000414E0,sub_414E0,,PC-new,,,,none,no Genesis counterpart established (front end/menus/PC libs are PC-original); FM95 candidate name listed for reference,from_fm95(confirmed),"showCopyDatabasesDialog {string ""Copying databases for"" found}",trades,fm95-only
00041516,sub_41516,,PC-new,,,,none,no Genesis counterpart established (front end/menus/PC libs are PC-original); FM95 candidate name listed for reference,from_fm95(unverified),copyLeagueDatabasesFromDisks,trades,fm95-only
00041978,sub_41978,,PC-new,,,,none,no Genesis counterpart established (front end/menus/PC libs are PC-original); FM95 candidate name listed for reference,from_fm95(unverified),loadSavedGameMetadata,trades,fm95-only
00041B80,sub_41B80,,PC-new,,,,none,no Genesis counterpart established (front end/menus/PC libs are PC-original); FM95 candidate name listed for reference,from_fm95(unverified),writeSavedGameMetadata,schedule,fm95-only
00041C79,sub_41C79,,PC-new,,,,none,no Genesis counterpart established (front end/menus/PC libs are PC-original); FM95 candidate name listed for reference,from_fm95(unverified),computeScheduleRowOffset,schedule,fm95-only
00041C9B,sub_41C9B,,PC-new,,,,none,no Genesis counterpart established (front end/menus/PC libs are PC-original); FM95 candidate name listed for reference,from_fm95(unverified),applyByteBudgetAdjustment,schedule,fm95-only
00041CC4,sub_41CC4,,PC-new,,,,none,no Genesis counterpart established (front end/menus/PC libs are PC-original); FM95 candidate name listed for reference,from_fm95(unverified),prepareScheduleAndSeasonState,schedule,fm95-only
00041F64,sub_41F64,,PC-new,,,,none,no Genesis counterpart established (front end/menus/PC libs are PC-original); FM95 candidate name listed for reference,from_fm95(unverified),buildScheduleMatchupHistogram,schedule,fm95-only
00042221,sub_42221,,PC-new,,,,none,no Genesis counterpart established (front end/menus/PC libs are PC-original); FM95 candidate name listed for reference,from_fm95(unverified),mapSeriesLengthFromMarkers,schedule,fm95-only
00042295,sub_42295,,PC-new,,,,none,no Genesis counterpart established (front end/menus/PC libs are PC-original); FM95 candidate name listed for reference,from_fm95(unverified),generateRandomSchedule,schedule,fm95-only
00042631,sub_42631,,PC-new,,,,none,no Genesis counterpart established (front end/menus/PC libs are PC-original); FM95 candidate name listed for reference,from_fm95(unverified),selectScheduleMatchupSlot,schedule,fm95-only
000428AB,sub_428AB,,PC-new,,,,none,no Genesis counterpart established (front end/menus/PC libs are PC-original); FM95 candidate name listed for reference,from_fm95(unverified),buildScheduleEntries,schedule,fm95-only
00042BBA,sub_42BBA,,PC-new,,,,none,no Genesis counterpart established (front end/menus/PC libs are PC-original); FM95 candidate name listed for reference,from_fm95(unverified),buildScheduleTeamPools,schedule,fm95-only
00042DAA,sub_42DAA,,PC-new,,,,none,no Genesis counterpart established (front end/menus/PC libs are PC-original); FM95 candidate name listed for reference,from_fm95(unverified),sortSchedulePools,schedule,fm95-only
00042F19,sub_42F19,,PC-new,,,,none,no Genesis counterpart established (front end/menus/PC libs are PC-original); FM95 candidate name listed for reference,from_fm95(unverified),swapSchedulePoolEntries,schedule,fm95-only
00042F42,sub_42F42,,PC-new,,,,none,no Genesis counterpart established (front end/menus/PC libs are PC-original); FM95 candidate name listed for reference,from_fm95(unverified),writeSeriesSlotTemplate,schedule,fm95-only
00042FED,sub_42FED,,PC-new,,,,none,no Genesis counterpart established (front end/menus/PC libs are PC-original); FM95 candidate name listed for reference,from_fm95(unverified),buildScheduleSeriesMatrix,schedule,fm95-only
00043644,sub_43644,,PC-new,,,,none,no Genesis counterpart established (front end/menus/PC libs are PC-original); FM95 candidate name listed for reference,from_fm95(unverified),validateSeriesAssignments,schedule,fm95-only
00043757,sub_43757,,PC-new,,,,none,no Genesis counterpart established (front end/menus/PC libs are PC-original); FM95 candidate name listed for reference,from_fm95(unverified),buildSeriesAssignmentTable,schedule,fm95-only
00043E40,sub_43E40,,PC-new,,,,none,no Genesis counterpart established (front end/menus/PC libs are PC-original); FM95 candidate name listed for reference,from_fm95(unverified),validateSeriesAssignmentsBlockA,schedule,fm95-only
00043F4B,sub_43F4B,,PC-new,,,,none,no Genesis counterpart established (front end/menus/PC libs are PC-original); FM95 candidate name listed for reference,from_fm95(unverified),buildSeriesScheduleBlockA,schedule,fm95-only
000443B6,sub_443B6,,PC-new,,,,none,no Genesis counterpart established (front end/menus/PC libs are PC-original); FM95 candidate name listed for reference,from_fm95(unverified),validateSeriesAssignmentsBlockB,schedule,fm95-only
000444C9,sub_444C9,,PC-new,,,,none,no Genesis counterpart established (front end/menus/PC libs are PC-original); FM95 candidate name listed for reference,from_fm95(unverified),buildSeriesScheduleBlockB,schedule,fm95-only
000447A6,sub_447A6,,PC-new,,,,none,no Genesis counterpart established (front end/menus/PC libs are PC-original); FM95 candidate name listed for reference,from_fm95(unverified),validateSeriesAssignmentsBlockC,schedule,fm95-only
00044899,sub_44899,,PC-new,,,,none,no Genesis counterpart established (front end/menus/PC libs are PC-original); FM95 candidate name listed for reference,from_fm95(unverified),dispatchScheduleBuildVariant,schedule,fm95-only
00044A41,sub_44A41,,PC-new,,,,none,no Genesis counterpart established (front end/menus/PC libs are PC-original); FM95 candidate name listed for reference,from_fm95(unverified),buildLeagueScheduleFromTemplate,schedule,fm95-only
00044DCF,sub_44DCF,,PC-new,,,,none,no Genesis counterpart established (front end/menus/PC libs are PC-original); FM95 candidate name listed for reference,from_fm95(unverified),runCreateLeagueFlow,schedule,fm95-only
00045282,sub_45282,,PC-new,,,,none,no Genesis counterpart established (front end/menus/PC libs are PC-original); FM95 candidate name listed for reference,from_fm95(unverified),randomModulo,options_settings,fm95-only
000452A6,sub_452A6,,PC-new,,,,none,no Genesis counterpart established (front end/menus/PC libs are PC-original); FM95 candidate name listed for reference,from_fm95(unverified),appendPairIfRoom,options_settings,fm95-only
000452C5,sub_452C5,,PC-new,,,,none,no Genesis counterpart established (front end/menus/PC libs are PC-original); FM95 candidate name listed for reference,from_fm95(unverified),buildScheduleMatrix,options_settings,fm95-only
000479E9,sub_479E9,,PC-new,,,,none,no Genesis counterpart established (front end/menus/PC libs are PC-original); FM95 candidate name listed for reference,from_fm95(unverified),initPaletteTransitionLoad,options_settings,fm95-only
00047C31,sub_47C31,,PC-new,,,,none,no Genesis counterpart established (front end/menus/PC libs are PC-original); FM95 candidate name listed for reference,from_fm95(unverified),stepPaletteTransition,engine_init,fm95-only
00047CD6,sub_47CD6,,PC-new,,,,none,no Genesis counterpart established (front end/menus/PC libs are PC-original); FM95 candidate name listed for reference,from_fm95(unverified),runInGameFrame,engine_init,fm95-only
0004830E,sub_4830E,,PC-new,,,,none,no Genesis counterpart established (front end/menus/PC libs are PC-original); FM95 candidate name listed for reference,from_fm95(unverified),serviceInGameLoop,engine_init,fm95-only
00048333,sub_48333,,PC-new,,,,none,no Genesis counterpart established (front end/menus/PC libs are PC-original); FM95 candidate name listed for reference,from_fm95(unverified),updateRinkCameraScroll,engine_init,fm95-only
0004842A,sub_4842A,ass_pc_slot37,PC-new,,,,low,slot 37: beyond all Genesis asstabs; no content match,fm95_role_only(unverified),advanceActorTimerAndJitter,engine_player_logic,asstab
000484DA,sub_484DA,ass_pc_slot38,PC-new,,,,low,slot 38: beyond all Genesis asstabs; no content match,fm95_role_only(unverified),updateActorBounceState,engine_player_logic,asstab
00048789,sub_48789,,PC-new,,,,none,no Genesis counterpart established (front end/menus/PC libs are PC-original); FM95 candidate name listed for reference,from_fm95(unverified),findOrInsertPair,engine_player_logic,fm95-only
000487D9,sub_487D9,,PC-new,,,,none,no Genesis counterpart established (front end/menus/PC libs are PC-original); FM95 candidate name listed for reference,from_fm95(unverified),isPairSlotAvailable,engine_player_logic,fm95-only
00048AC8,sub_48AC8,,PC-new,,,,none,no Genesis counterpart established (front end/menus/PC libs are PC-original); FM95 candidate name listed for reference,from_fm95(unverified),selectThreeStars,engine_player_logic,fm95-only
00048F0B,sub_48F0B,,PC-new,,,,none,no Genesis counterpart established (front end/menus/PC libs are PC-original); FM95 candidate name listed for reference,from_fm95(unverified),initInGameState,engine_player_logic,fm95-only
00049260,sub_49260,goalieacc,93G,logic93_5.asm,checks94.asm,92G goalieacc; 95G goalieacc,low,"caller propagation weight 0.50 via matched callees playeracc; cosine: 0.53; fieldseq: 0.67; shared: fv:facedir f:facedir c:SetSPA fb:pflags2 f:pflags2 f:Xvel fv:Xvel; calls: 1 known Genesis callees present, 0 missing, 0 extra; size: ninsn PC 54 / G 25",fm95_role_only(unverified),updateActorAnimationState,engine_player_logic,callers(it1)
000492F9,sub_492F9,,PC-new,,,,none,no Genesis counterpart established (front end/menus/PC libs are PC-original); FM95 candidate name listed for reference,from_fm95(unverified),updateActorFacing,engine_player_logic,fm95-only
00049460,sub_49460,ass_pc_slot20,PC-new,,,,medium,"slot $14 (93G assfight) body is NOT fight code: no Pencntdwn/getpde/aggress/fight anims; it sets temp5/temp2, picks a target from table CC9EA by team/position, skates until dist^2<900 then assexit - repurposed (3-stars skate-out)",fm95_role_only(unverified),advanceActorGoalState,engine_player_logic,asstab+content
000495B8,sub_495B8,ass_pc_slot21,PC-new,,,,medium,"slot $15 (93G assfwatch) body is NOT fight-watch code: it selects players and formats ""%s Star""/""EA Sports"" via sprintf - repurposed (3-stars of the game presentation)",fm95_role_only(unverified),runThreeStarsPresentation,engine_player_logic,asstab+content
000499D8,sub_499D8,ass_pc_slot42,PC-new,,,,low,slot 42: beyond all Genesis asstabs; no content match,conflicts_with_fm95,"updateActorStumbleRecovery [gen=HandlePlayerBounceResponse] {Genesis name ""HandlePlayerBounceResponse"" does not exist in the 92/93/94/95 Genesis sources; evidence maps this to ass_pc_slot42}",engine_player_logic,asstab
00049BC2,sub_49BC2,ass_pc_slot43,PC-new,,,,low,slot 43: beyond all Genesis asstabs; no content match,conflicts_with_fm95,"updateActorBenchExit [gen=TransitionToIdleState] {Genesis name ""TransitionToIdleState"" does not exist in the 92/93/94/95 Genesis sources; evidence maps this to ass_pc_slot43}",engine_player_logic,asstab
00049CDD,sub_49CDD,assdefo,93G,logic93_2.asm,assign94.asm,92G assdefo; 95G assdefo,high,"asstab slot 1; field alignment 82% of 11 known-field accesses; content rank 1/34 vs other slot routines; 0 known Genesis callees present, 0 missing, 0 extra",conflicts_with_fm95,"updateActorChaseTargetA [gen=UpdatePlayerHorizontalPursuit] {Genesis name ""UpdatePlayerHorizontalPursuit"" does not exist in the 92/93/94/95 Genesis sources; evidence maps this to assdefo}",engine_player_logic,asstab+content
00049E3A,sub_49E3A,assdefd,93G,logic93_2.asm,assign94.asm,92G assdefd; 95G assdefd,high,"asstab slot 2; field alignment 81% of 31 known-field accesses; content rank 1/34 vs other slot routines; 0 known Genesis callees present, 0 missing, 0 extra",conflicts_with_fm95,"updateActorChaseTargetB [gen=UpdatePlayerVerticalPursuit] {Genesis name ""UpdatePlayerVerticalPursuit"" does not exist in the 92/93/94/95 Genesis sources; evidence maps this to assdefd}",engine_player_logic,asstab+content
0004A1A6,sub_4A1A6,asswingd,93G,logic93_2.asm,assign94.asm,92G asswingd; 95G asswingd,medium,"asstab slot 3; field alignment 80% of 10 known-field accesses; content rank 2/34 vs other slot routines; 0 known Genesis callees present, 0 missing, 0 extra",conflicts_with_fm95,"updateActorChaseTargetC [gen=UpdatePlayerRandomizedPursuit] {Genesis name ""UpdatePlayerRandomizedPursuit"" does not exist in the 92/93/94/95 Genesis sources; evidence maps this to asswingd}",engine_player_logic,asstab+content
0004A343,sub_4A343,asswingo,93G,logic93_3.asm,checks94.asm,92G asswingo; 95G asswingo,high,"asstab slot 4; field alignment 83% of 18 known-field accesses; content rank 1/34 vs other slot routines; 0 known Genesis callees present, 0 missing, 1 extra",conflicts_with_fm95,"updateActorPatrolPath [gen=DecidePlayerAIAction] {Genesis name ""DecidePlayerAIAction"" does not exist in the 92/93/94/95 Genesis sources; evidence maps this to asswingo}",engine_player_logic,asstab+content
0004A53A,sub_4A53A,asscenterd,93G,logic93_3.asm,checks94.asm,92G asscenterd; 95G asscenterd,high,"asstab slot 5; field alignment 80% of 10 known-field accesses; content rank 1/34 vs other slot routines; 0 known Genesis callees present, 0 missing, 0 extra",conflicts_with_fm95,"updateActorChaseTargetD [gen=UpdateAdvancedPlayerAI] {Genesis name ""UpdateAdvancedPlayerAI"" does not exist in the 92/93/94/95 Genesis sources; evidence maps this to asscenterd}",engine_player_logic,asstab+content
0004A65C,sub_4A65C,asscentero,93G,logic93_3.asm,checks94.asm,92G asscentero; 95G asscentero,high,"asstab slot 6; field alignment 82% of 17 known-field accesses; content rank 1/34 vs other slot routines; 0 known Genesis callees present, 0 missing, 1 extra",conflicts_with_fm95,"updateActorChaseTargetE [gen=UpdatePlayerSemanticState] {Genesis name ""UpdatePlayerSemanticState"" does not exist in the 92/93/94/95 Genesis sources; evidence maps this to asscentero}",engine_player_logic,asstab+content
0004A80E,sub_4A80E,,PC-new,,,,none,no Genesis counterpart established (front end/menus/PC libs are PC-original); FM95 candidate name listed for reference,conflicts_with_fm95,"maybeTriggerIdleTransition [gen=CheckAndSetPlayerIdleState] {Genesis name ""CheckAndSetPlayerIdleState"" does not exist in the 92/93/94/95 Genesis sources}",engine_player_logic,fm95-only
0004A832,sub_4A832,assstanley,93G,logic93_2.asm,assign94.asm,92G assstanley,medium,"asstab slot 8; field alignment 70% of 10 known-field accesses; content rank 1/34 vs other slot routines; 2 known Genesis callees present, 0 missing, 0 extra",conflicts_with_fm95,"updateActorCloseRangeStep [gen=UpdatePlayerScaledMovement] {Genesis name ""UpdatePlayerScaledMovement"" does not exist in the 92/93/94/95 Genesis sources; evidence maps this to assstanley}",engine_player_logic,asstab+content
0004A90F,sub_4A90F,assscore,93G,logic93_2.asm,assign94.asm,92G assscore,high,"asstab slot 7; field alignment 92% of 13 known-field accesses; content rank 1/34 vs other slot routines; 2 known Genesis callees present, 0 missing, 0 extra",conflicts_with_fm95,"updateActorBenchFlow [gen=UpdatePlayerPuckState] {Genesis name ""UpdatePlayerPuckState"" does not exist in the 92/93/94/95 Genesis sources; evidence maps this to assscore}",engine_player_logic,asstab+content
0004AAC2,sub_4AAC2,asseben,93G,logic93_2.asm,assign94.asm,92G asseben; 95G asseben,high,"asstab slot 9; field alignment 88% of 16 known-field accesses; content rank 1/34 vs other slot routines; 1 known Genesis callees present, 0 missing, 0 extra",conflicts_with_fm95,"resetActorMomentumState [gen=ResetPlayerVelocityAndFlags] {Genesis name ""ResetPlayerVelocityAndFlags"" does not exist in the 92/93/94/95 Genesis sources; evidence maps this to asseben}",engine_player_logic,asstab+content
0004AB87,sub_4AB87,ass_pc_slot29,PC-new,,,,low,"slot 29: position suggested 94G assgoaliectrl but content check fails (rank >=13 of 36 slot routines; best overall matches are 93G assbench/asspenalty-style movement code) -> PC-own assignment (94 PC was ported from 93G, so slots >=$1D are PC additions)",conflicts_with_fm95,"updateActorCollisionResolve [gen=HandlePlayerBounceResponse] {Genesis name ""HandlePlayerBounceResponse"" does not exist in the 92/93/94/95 Genesis sources; evidence maps this to ass_pc_slot29}",engine_player_logic,asstab+content
0004ADAB,sub_4ADAB,asspenalty,93G,logic93_2.asm,assign94.asm,92G asspenalty; 95G asspenalty,high,"asstab slot 12; field alignment 97% of 30 known-field accesses; content rank 1/34 vs other slot routines; 1 known Genesis callees present, 0 missing, 0 extra",conflicts_with_fm95,"updateActorSettleFromSlide [gen=UpdatePlayerSemanticState] {Genesis name ""UpdatePlayerSemanticState"" does not exist in the 92/93/94/95 Genesis sources; evidence maps this to asspenalty}",engine_player_logic,asstab+content
0004AFFB,sub_4AFFB,assdopen,93G,logic93_2.asm,assign94.asm,92G assdopen; 95G assdopen,low,"asstab slot 13; field alignment 33% of 3 known-field accesses; content rank 3/34 vs other slot routines; 0 known Genesis callees present, 0 missing, 0 extra",conflicts_with_fm95,"incrementSideCounters [gen=InitializeRandomPlayerData] {Genesis name ""InitializeRandomPlayerData"" does not exist in the 92/93/94/95 Genesis sources; evidence maps this to assdopen}",engine_player_logic,asstab+content
0004B02D,sub_4B02D,assepen,93G,logic93_2.asm,assign94.asm,92G assepen; 95G assepen,high,"asstab slot 10; field alignment 84% of 19 known-field accesses; content rank 1/34 vs other slot routines; 1 known Genesis callees present, 0 missing, 0 extra",conflicts_with_fm95,"updateActorResetFromCounter [gen=SetPlayerEndStateFlags] {Genesis name ""SetPlayerEndStateFlags"" does not exist in the 92/93/94/95 Genesis sources; evidence maps this to assepen}",engine_player_logic,asstab+content
0004B12C,sub_4B12C,assbench,93G,logic93_2.asm,assign94.asm,92G assbench; 95G assbench,high,"asstab slot 11; field alignment 85% of 41 known-field accesses; content rank 1/34 vs other slot routines; 1 known Genesis callees present, 0 missing, 0 extra",conflicts_with_fm95,"updateActorEngageAndClamp [gen=UpdateAdvancedPlayerAI] {Genesis name ""UpdateAdvancedPlayerAI"" does not exist in the 92/93/94/95 Genesis sources; evidence maps this to assbench}",engine_player_logic,asstab+content
0004B5C2,sub_4B5C2,assgoalietopuck,93G,logic93_3.asm,checks94.asm,95G assgoalietopuck,low,"asstab slot 15; field alignment 44% of 9 known-field accesses; content rank 3/34 vs other slot routines; 0 known Genesis callees present, 0 missing, 0 extra",conflicts_with_fm95,"updateActorZoneFlags [gen=UpdatePlayerPuckState] {Genesis name ""UpdatePlayerPuckState"" does not exist in the 92/93/94/95 Genesis sources; evidence maps this to assgoalietopuck}",engine_player_logic,asstab+content
0004B6F4,sub_4B6F4,ClampYPosition,93G,logic93_3.asm,checks94.asm,95G ClampYPosition,low,"callee alignment under 1 matched caller(s) assgoalie; cosine: 0.06; fieldseq: 0.57; shared: f:SCnum fv:SCnum; calls: 0 known Genesis callees present, 0 missing, 0 extra; size: ninsn PC 32 / G 12",fm95_role_only(unverified),clampActorTargetY,engine_player_logic,callgraph(it0)
0004B774,sub_4B774,assgoalie,93G,logic93_3.asm,checks94.asm,94G assgoaliecpu; 92G assgoalie,medium,"asstab slot 14; field alignment 68% of 59 known-field accesses; content rank 1/34 vs other slot routines; 2 known Genesis callees present, 0 missing, 1 extra",conflicts_with_fm95,"updateActorEngagementLogic [gen=UpdateAdvancedPlayerAI] {Genesis name ""UpdateAdvancedPlayerAI"" does not exist in the 92/93/94/95 Genesis sources; evidence maps this to assgoalie}",engine_player_logic,asstab+content
0004C6F3,sub_4C6F3,asspuckc,93G,logic93_3.asm,checks94.asm,92G asspuckc; 95G asspuckc,low,"asstab slot 16; field alignment 41% of 22 known-field accesses; content rank 3/34 vs other slot routines; 0 known Genesis callees present, 1 missing, 1 extra",fm95_role_only(unverified),updateActorTimedMovement,engine_player_logic,asstab+content
0004CD4B,sub_4CD4B,assnearest,93G,logic93_4.asm,checks94.asm,92G assnearest; 95G assnearest,medium,"asstab slot 17; field alignment 61% of 28 known-field accesses; content rank 1/34 vs other slot routines; 1 known Genesis callees present, 0 missing, 0 extra",conflicts_with_fm95,"updateActorDecisionFlow [gen=DecidePlayerAIAction] {Genesis name ""DecidePlayerAIAction"" does not exist in the 92/93/94/95 Genesis sources; evidence maps this to assnearest}",engine_player_logic,asstab+content
0004D3F8,sub_4D3F8,assshoot,93G,logic93_4.asm,checks94.asm,92G assshoot,medium,"asstab slot 18; field alignment 100% of 3 known-field accesses; content rank 1/34 vs other slot routines; 0 known Genesis callees present, 0 missing, 1 extra",fm95_role_only(unverified),updateActorProximityTrigger,engine_player_logic,asstab+content
0004D4F0,sub_4D4F0,assfaceoff,93G,logic93_2.asm,assign94.asm,92G assfaceoff,medium,"asstab slot 22; field alignment 100% of 1 known-field accesses; content rank 1/34 vs other slot routines; 0 known Genesis callees present, 0 missing, 0 extra",fm95_role_only(unverified),skipUpdateIfPaused,engine_player_logic,asstab+content
0004D509,sub_4D509,assexit,93G,logic93_5.asm,checks94.asm,92G assexit; 95G assexit,high,instruction-for-instruction 93G assexit: assnum(+1Ch)=(assnum+1)&7; bset pfna in pflags(+44h),fm95_role_only(unverified),advanceActorAnimIndex,engine_player_logic,manual+fields
0004D528,sub_4D528,assfaceoffp1,93G,logic93_2.asm,assign94.asm,95G assfaceoffp1,medium,"asstab slot 23; field alignment 88% of 8 known-field accesses; content rank 4/34 vs other slot routines; 2 known Genesis callees present, 0 missing, 0 extra",fm95_role_only(unverified),updateActorActionState,engine_player_logic,asstab+content
0004D6B4,sub_4D6B4,pucknorm_body,93G,logic93_4.asm,checks94.asm,,high,"called from pucknorm head (slot $18) at the 93G .nna point; continues 93G pucknorm (puckcross timers, findpc, puckc)",fm95_role_only(unverified),updateActorDriftTowardTarget,engine_player_logic,manual+fields
0004D8C7,sub_4D8C7,pucknorm,93G,logic93_4.asm,checks94.asm,92G pucknorm; 95G pucknorm,high,slot $18; head identical to 93G pucknorm: bclr pfna; clr temp1(+26h); temp2(+28h)=$78; then calls the body sub_4D6B4,fm95_role_only(unverified),initActorDriftState,engine_player_logic,asstab+content
0004D8FD,sub_4D8FD,pucknothing,93G,logic93_4.asm,checks94.asm,94G puckunflip; 92G pucknothing,medium,"asstab slot 26; field alignment n/a of 0 known-field accesses; content rank 2/34 vs other slot routines; 0 known Genesis callees present, 0 missing, 0 extra",fm95_role_only(unverified),noopStub,engine_player_logic,asstab+content
0004D907,sub_4D907,puckunflip,93G,logic93_5.asm,checks94.asm,92G puckunflip; 95G puckunflip,medium,"cosine: 0.74; fieldseq: 0.63; shared: fv:SPAnum f:SPAnum f:facedir f:SPAcnt fv:SPAcnt; calls: 0 known Genesis callees present, 0 missing, 0 extra; size: ninsn PC 13 / G 9; margin 2.81",fm95_role_only(unverified),resetActorPhaseFlags,engine_player_logic,semantic(it0)
0004D938,sub_4D938,loadTeamStruct,93G,penalty93_2.asm,penalty94.asm,,low,"callee alignment under 1 matched caller(s) SetLCmode; cosine: 0.14; fieldseq: 0.62; shared: fb:pflags f:pflags; calls: 0 known Genesis callees present, 0 missing, 0 extra; size: ninsn PC 45 / G 6",fm95_role_only(unverified),initActorSequenceTables,engine_player_logic,callgraph(it1)
0004D9FC,sub_4D9FC,SetLCmode,93G,logic93_1.asm,input94.asm,92G SetLCmode; 95G SetLCmode,medium,"callee alignment under 1 matched caller(s) StartFaceoffLineChange; cosine: 0.34; fieldseq: 0.51; shared: fb:pflags2 f:pflags2; calls: 0 known Genesis callees present, 0 missing, 0 extra; size: ninsn PC 18 / G 8",fm95_role_only(unverified),triggerActorSequenceInit,engine_player_logic,callgraph(it0)
0004DA37,sub_4DA37,StartFaceoffLineChange,94G,checks94.asm,checks94.asm,95G StartFaceoffLineChange,high,"cosine: 0.96; fieldseq: 1.00; shared: i:168 fb:pflags2 f:pflags2 i:258 f:SCnum fv:SCnum fv:temp3 f:temp3; calls: 0 known Genesis callees present, 0 missing, 0 extra; size: ninsn PC 20 / G 19; margin 7.68",fm95_role_only(unverified),setupActorSequenceTimers,engine_player_logic,semantic(it0)
0004DA7B,sub_4DA7B,Endfaceoff,93G,logic93_4.asm,checks94.asm,92G Endfaceoff; 95G Endfaceoff,medium,"cosine: 0.25; fieldseq: 0.71; shared: i:800 c:randomd0 i:21 i:18 fb:pflags2 f:pflags2 f:Yvel fv:Yvel; calls: 1 known Genesis callees present, 0 missing, 0 extra; size: ninsn PC 143 / G 59; margin 3.20",fm95_role_only(unverified),runActorSequenceStart,engine_player_logic,semantic(it0)
0004DCDD,sub_4DCDD,a2offsides,93G,logic93_5.asm,checks94.asm,92G a2offsides; 95G a2offsides,medium,"cosine: 0.45; fieldseq: 0.74; shared: c:AddPenalty fb:pflags f:pflags g:823483; calls: 1 known Genesis callees present, 0 missing, 0 extra; size: ninsn PC 29 / G 21; margin 2.11",fm95_role_only(unverified),shouldTriggerActorSequence,engine_player_logic,semantic(it2)
0004DD51,sub_4DD51,,PC-new,,,,none,no Genesis counterpart established (front end/menus/PC libs are PC-original); FM95 candidate name listed for reference,from_fm95(unverified),canStartSequenceForActor,engine_player_logic,fm95-only
0004DE14,sub_4DE14,a2touchpuck,93G,logic93_5.asm,checks94.asm,92G a2touchpuck; 95G a2touchpuck,high,"callee alignment under 3 matched caller(s) puckbody, puckgoalie, puckstick; cosine: 0.35; fieldseq: 0.43; shared: c:AddPenalty f:pflags fb:pflags f:SCnum fv:SCnum fv:position f:position f:Ypos; calls: 1 known Genesis callees present, 0 missing, 0 extra; size: ninsn PC 113 / G 59",fm95_role_only(unverified),updateActorSequenceState,engine_player_logic,callgraph(it2)
0004DFA4,sub_4DFA4,puckflip,93G,logic93_5.asm,checks94.asm,92G puckflip; 95G puckflip,high,"cosine: 0.56; fieldseq: 0.90; shared: fv:facedir f:facedir f:SPAcnt fv:SPAcnt c:SetSPA; calls: 1 known Genesis callees present, 0 missing, 1 extra; size: ninsn PC 27 / G 6; margin 3.88",fm95_role_only(unverified),updateActorPhaseAndAnim,engine_player_logic,semantic(it0)
0004DFF7,sub_4DFF7,ass_pc_slot30,PC-new,,,,low,"slot 30: position suggested 94G puckshootout but content check fails (rank >=13 of 36 slot routines; best overall matches are 93G assbench/asspenalty-style movement code) -> PC-own assignment (94 PC was ported from 93G, so slots >=$1D are PC additions)",fm95_role_only(unverified),updateActorAlignToGlobalTarget,engine_player_logic,asstab+content
0004E0BD,sub_4E0BD,ass_pc_slot31,PC-new,,,,low,"slot 31: position suggested 94G puckpenshot but content check fails (rank >=13 of 36 slot routines; best overall matches are 93G assbench/asspenalty-style movement code) -> PC-own assignment (94 PC was ported from 93G, so slots >=$1D are PC additions)",fm95_role_only(unverified),computeActorTargetOffset,engine_player_logic,asstab+content
0004E292,sub_4E292,,PC-new,,,,none,no Genesis counterpart established (front end/menus/PC libs are PC-original); FM95 candidate name listed for reference,from_fm95(unverified),moveActorTowardTarget,engine_player_logic,fm95-only
0004E71A,sub_4E71A,,PC-new,,,,none,no Genesis counterpart established (front end/menus/PC libs are PC-original); FM95 candidate name listed for reference,from_fm95(unverified),maybeTriggerGameEvent,engine_player_logic,fm95-only
0004E8EF,sub_4E8EF,ass_pc_slot36,PC-new,,,,low,slot 36: beyond all Genesis asstabs; no content match,fm95_role_only(unverified),updateActorSequenceAdvance,engine_player_logic,asstab
0004EB04,sub_4EB04,ass_pc_slot32,PC-new,,,,low,"slot 32: position suggested 94G assgoaliebreakwait but content check fails (rank >=13 of 36 slot routines; best overall matches are 93G assbench/asspenalty-style movement code) -> PC-own assignment (94 PC was ported from 93G, so slots >=$1D are PC additions)",fm95_role_only(unverified),updateActorSequenceStep,engine_player_logic,asstab+content
0004ED7C,sub_4ED7C,ass_pc_slot33,PC-new,,,,low,"slot 33: position suggested 94G chkpuckc but content check fails (rank >=13 of 36 slot routines; best overall matches are 93G assbench/asspenalty-style movement code) -> PC-own assignment (94 PC was ported from 93G, so slots >=$1D are PC additions)",fm95_role_only(unverified),runActorEventFlow,engine_player_logic,asstab+content
0004F5BF,sub_4F5BF,ass_pc_slot34,PC-new,,,,low,"slot 34: position suggested 94G assbreakaway but content check fails (rank >=13 of 36 slot routines; best overall matches are 93G assbench/asspenalty-style movement code) -> PC-own assignment (94 PC was ported from 93G, so slots >=$1D are PC additions)",fm95_role_only(unverified),updateActorApproachTarget,engine_player_logic,asstab+content
0004F7D0,sub_4F7D0,ass_pc_slot35,PC-new,,,,low,"slot 35: position suggested 94G assonetimer but content check fails (rank >=13 of 36 slot routines; best overall matches are 93G assbench/asspenalty-style movement code) -> PC-own assignment (94 PC was ported from 93G, so slots >=$1D are PC additions)",fm95_role_only(unverified),updateActorApproachTargetAlt,engine_player_logic,asstab+content
0004F990,sub_4F990,rtss,93G,hockey93_05.asm,collide94.asm,94G rtss2; 92G rtss; 95G rtss,medium,"asstab slot 0; field alignment n/a of 0 known-field accesses; content rank 1/34 vs other slot routines; 0 known Genesis callees present, 0 missing, 0 extra",fm95_role_only(unverified),noopStubSequence,engine_player_logic,asstab+content
0004F99B,sub_4F99B,,PC-new,,,,none,no Genesis counterpart established (front end/menus/PC libs are PC-original); FM95 candidate name listed for reference,from_fm95(unverified),selectSequenceStep,engine_player_logic,fm95-only
0004F9EF,sub_4F9EF,shotdiradj,94G,input94.asm,input94.asm,95G shotdiradj,low,"cosine: 0.24; fieldseq: 0.71; shared: i:FFD4 fb:pflags f:pflags i:2C; calls: 0 known Genesis callees present, 0 missing, 1 extra; size: ninsn PC 64 / G 63; margin 1.16",fm95_role_only(unverified),initSequenceOffsets,engine_player_logic,semantic(it1)
0004FAE8,sub_4FAE8,ass_pc_slot46,PC-new,,,,low,slot 46: beyond all Genesis asstabs; no content match,fm95_role_only(unverified),runSequenceMotion,engine_player_logic,asstab
0004FCE8,sub_4FCE8,,PC-new,,,,none,no Genesis counterpart established (front end/menus/PC libs are PC-original); FM95 candidate name listed for reference,from_fm95(unverified),advanceQueuedValue,engine_input,fm95-only
0004FD47,sub_4FD47,,PC-new,,,,none,no Genesis counterpart established (front end/menus/PC libs are PC-original); FM95 candidate name listed for reference,from_fm95(unverified),resetQueuedValues,engine_input,fm95-only
0004FD62,sub_4FD62,,PC-new,,,,none,no Genesis counterpart established (front end/menus/PC libs are PC-original); FM95 candidate name listed for reference,from_fm95(unverified),getQueuedValuePtr,engine_input,fm95-only
0004FD8E,sub_4FD8E,,PC-new,,,,none,no Genesis counterpart established (front end/menus/PC libs are PC-original); FM95 candidate name listed for reference,from_fm95(unverified),updateActorContactTimers,engine_input,fm95-only
0004FF0D,sub_4FF0D,,PC-new,,,,none,no Genesis counterpart established (front end/menus/PC libs are PC-original); FM95 candidate name listed for reference,from_fm95(unverified),updateActorMode17Timer,engine_input,fm95-only
0004FFAE,sub_4FFAE,Acheck,93G,logic93_1.asm,input94.asm,95G Acheck,medium,"cosine: 0.34; fieldseq: 0.78; shared: fb:pflags f:pflags c:SetSPA f:Ypos fv:Ypos; calls: 1 known Genesis callees present, 0 missing, 0 extra; size: ninsn PC 19 / G 12; margin 2.23",fm95_role_only(unverified),playActorOffsetSound,engine_input,semantic(it0)
0004FFEE,sub_4FFEE,,PC-new,,,,none,no Genesis counterpart established (front end/menus/PC libs are PC-original); FM95 candidate name listed for reference,from_fm95(unverified),updateActorEngagementFlow_checkOpportunity,engine_input,fm95-only
0005033D,sub_5033D,,PC-new,,,,none,no Genesis counterpart established (front end/menus/PC libs are PC-original); FM95 candidate name listed for reference,from_fm95(unverified),updateActorEngagementFlow_isNearSlot,engine_input,fm95-only
000503CD,sub_503CD,,PC-new,,,,none,no Genesis counterpart established (front end/menus/PC libs are PC-original); FM95 candidate name listed for reference,from_fm95(unverified),updateActorEngagementFlow_step,engine_input,fm95-only
00050434,sub_50434,,PC-new,,,,none,no Genesis counterpart established (front end/menus/PC libs are PC-original); FM95 candidate name listed for reference,from_fm95(unverified),updateActorEngagementFlow_alignPartner,engine_input,fm95-only
000504DA,sub_504DA,doinput_ispc,94G,input94.asm,input94.asm,,medium,"caller propagation weight 2.70 via matched callees SetLCmode, SetShotMode, checkob, doplayeracc; cosine: 0.28; fieldseq: 0.41; shared: f:position fv:position fb:pflags2 f:pflags2; calls: 0 known Genesis callees present, 0 missing, 1 extra; size: ninsn PC 304 / G 53",fm95_role_only(unverified),updateActorEngagementFlow,engine_input,callers(it0)
00050908,sub_50908,,PC-new,,,,none,no Genesis counterpart established (front end/menus/PC libs are PC-original); FM95 candidate name listed for reference,from_fm95(unverified),updateActorEngagementFlow_computeDirection,engine_input,fm95-only
00050975,sub_50975,,PC-new,,,,none,no Genesis counterpart established (front end/menus/PC libs are PC-original); FM95 candidate name listed for reference,from_fm95(unverified),updateActorEngagementFlow_applyDirection,engine_input,fm95-only
00050A05,sub_50A05,,PC-new,,,,none,no Genesis counterpart established (front end/menus/PC libs are PC-original); FM95 candidate name listed for reference,from_fm95(unverified),readInputMaskA,engine_input,fm95-only
00050A84,sub_50A84,,PC-new,,,,none,no Genesis counterpart established (front end/menus/PC libs are PC-original); FM95 candidate name listed for reference,from_fm95(unverified),readInputMaskB,engine_input,fm95-only
00050ADE,sub_50ADE,,PC-new,,,,none,no Genesis counterpart established (front end/menus/PC libs are PC-original); FM95 candidate name listed for reference,from_fm95(unverified),drawOverlayBox160x100,engine_input,fm95-only
00050AFE,sub_50AFE,,PC-new,,,,none,no Genesis counterpart established (front end/menus/PC libs are PC-original); FM95 candidate name listed for reference,from_fm95(unverified),finalizeEngagementSlotSelection,engine_assign_faceoff,fm95-only
00050B55,sub_50B55,assonetimer,94G,onetimer94.asm,onetimer94.asm,95G assonetimer,low,"cosine: 0.41; fieldseq: 0.52; shared: fv:SPAnum f:SPAnum f:SPAcnt fv:SPAcnt fb:pflags f:pflags i:18 i:16; calls: 1 known Genesis callees present, 0 missing, 5 extra; size: ninsn PC 203 / G 169; margin 2.09",fm95_role_only(unverified),updateEngagementSequence,engine_assign_faceoff,semantic(it1)
00050E5C,sub_50E5C,,PC-new,,,,none,no Genesis counterpart established (front end/menus/PC libs are PC-original); FM95 candidate name listed for reference,from_fm95(unverified),canEngagementStart,engine_assign_faceoff,fm95-only
00050F3F,sub_50F3F,asspassrec,93G,logic93_4.asm,checks94.asm,92G asspassrec; 95G asspassrec,low,"asstab slot 19; field alignment 56% of 9 known-field accesses; content rank 3/34 vs other slot routines; 0 known Genesis callees present, 0 missing, 0 extra",fm95_role_only(unverified),runEngagementController,engine_assign_faceoff,asstab+content
00051115,sub_51115,,PC-new,,,,none,no Genesis counterpart established (front end/menus/PC libs are PC-original); FM95 candidate name listed for reference,from_fm95(unverified),claimEngagementSlot,engine_assign_faceoff,fm95-only
000511B4,sub_511B4,,PC-new,,,,none,no Genesis counterpart established (front end/menus/PC libs are PC-original); FM95 candidate name listed for reference,from_fm95(unverified),updateEngagementSlotStates,engine_assign_faceoff,fm95-only
0005125F,sub_5125F,,PC-new,,,,none,no Genesis counterpart established (front end/menus/PC libs are PC-original); FM95 candidate name listed for reference,from_fm95(unverified),triggerEngagementEffect,engine_assign_faceoff,fm95-only
000512A7,sub_512A7,,PC-new,,,,none,no Genesis counterpart established (front end/menus/PC libs are PC-original); FM95 candidate name listed for reference,from_fm95(unverified),updateEngagementSlotIcons,engine_assign_faceoff,fm95-only
00051440,sub_51440,,PC-new,,,,none,no Genesis counterpart established (front end/menus/PC libs are PC-original); FM95 candidate name listed for reference,from_fm95(unverified),areEngagementSlotsClear,engine_assign_faceoff,fm95-only
0005147D,sub_5147D,ass_pc_slot40,PC-new,,,,low,slot 40: beyond all Genesis asstabs; no content match,fm95_role_only(unverified),updateEngagementActor,engine_assign_faceoff,asstab
000516E1,sub_516E1,puckfaceoff,93G,logic93_4.asm,checks94.asm,92G puckfaceoff; 95G puckfaceoff,low,"asstab slot 27; field alignment 29% of 21 known-field accesses; content rank 2/34 vs other slot routines; 0 known Genesis callees present, 0 missing, 0 extra",fm95_role_only(unverified),updateEngagementSystem,engine_assign_faceoff,asstab+content
00051BDB,sub_51BDB,puckfaceoff2,93G,logic93_4.asm,checks94.asm,92G puckfaceoff2; 95G puckfaceoff2,medium,"asstab slot 28; field alignment 69% of 29 known-field accesses; content rank 1/34 vs other slot routines; 3 known Genesis callees present, 0 missing, 0 extra",fm95_role_only(unverified),resetEngagementSystem,engine_assign_faceoff,asstab+content
000526ED,sub_526ED,ass_pc_slot41,PC-new,,,,low,slot 41: beyond all Genesis asstabs; no content match,fm95_role_only(unverified),initEngagementCooldown,engine_assign_faceoff,asstab
00052720,sub_52720,ass_pc_slot39,PC-new,,,,low,slot 39: beyond all Genesis asstabs; no content match,fm95_role_only(unverified),updateActorEngagementMove,engine_assign_faceoff,asstab
00052BB6,sub_52BB6,check4bench,93G,logic93_1.asm,input94.asm,92G check4bench; 95G check4bench,high,"callee alignment under 5 matched caller(s) asscentero, assdefo, assgoalie, assgoalietopuck; cosine: 0.66; fieldseq: 0.57; shared: f:newpos fv:newpos f:newpnum fv:newpnum fv:position f:position fb:pflags2 f:pflags2; calls: 0 known Genesis callees present, 0 missing, 0 extra; size: ninsn PC 146 / G 34",fm95_role_only(unverified),evaluateEngagementReady,engine_assign_faceoff,callgraph(it0)
00052DB0,sub_52DB0,ass_pc_slot45,PC-new,,,,low,slot 45: beyond all Genesis asstabs; no content match,fm95_role_only(unverified),updateEngagementApproach,engine_assign_faceoff,asstab
00052FB0,sub_52FB0,ass_pc_slot44,PC-new,,,,low,slot 44: beyond all Genesis asstabs; no content match,fm95_role_only(unverified),initEngagementSequence,engine_assign_faceoff,asstab
00053294,sub_53294,,PC-new,,,,none,no Genesis counterpart established (front end/menus/PC libs are PC-original); FM95 candidate name listed for reference,from_fm95(unverified),toFixed16,engine_physics_ai,fm95-only
000532A2,sub_532A2,Sweepcheck,93G,logic93_1.asm,input94.asm,92G Sweepcheck,medium,"cosine: 0.30; fieldseq: 1.00; shared: c:SetSPA fb:pflags f:pflags; calls: 1 known Genesis callees present, 0 missing, 0 extra; size: ninsn PC 7 / G 3; margin 4.03",fm95_role_only(unverified),setActorState589,engine_physics_ai,semantic(it0)
000532BD,sub_532BD,burst,93G,logic93_1.asm,,,high,"manual trace: CCh energy cost, energy>>7 dir-vector push, same constants as 93G burst",from_fm95(unverified),applyEngagementImpulse,engine_physics_ai,manual-trace
00053387,sub_53387,,PC-new,,,,none,no Genesis counterpart established (front end/menus/PC libs are PC-original); FM95 candidate name listed for reference,from_fm95(unverified),updateActorLeanAndSound,engine_physics_ai,fm95-only
000534BB,sub_534BB,,PC-new,,,,none,no Genesis counterpart established (front end/menus/PC libs are PC-original); FM95 candidate name listed for reference,from_fm95(unverified),maybeUpdateActorLean,engine_physics_ai,fm95-only
00053537,sub_53537,check4check,93G,logic93_4.asm,checks94.asm,92G check4check; 95G check4check,medium,"cosine: 0.44; fieldseq: 0.96; shared: i:1E c:randomd0 c:vtoa fv:facedir f:facedir f:Ypos fv:Ypos fb:pflags2; calls: 2 known Genesis callees present, 0 missing, 0 extra; size: ninsn PC 95 / G 41; margin 2.69",fm95_role_only(unverified),findEngagementCandidate,engine_physics_ai,semantic(it0)
0005369F,sub_5369F,checkagr,93G,hockey93_03.asm,collide94.asm,95G checkagr,medium,"callee alignment under 1 matched caller(s) holdcheck; cosine: 0.44; fieldseq: 0.42; shared: i:28 c:randomd0 fb:pflags f:pflags i:14 f:Ypos fv:Ypos; calls: 1 known Genesis callees present, 0 missing, 0 extra; size: ninsn PC 79 / G 20",fm95_role_only(unverified),computeEngagementRandomWeight,engine_physics_ai,callgraph(it0)
0005378D,sub_5378D,,PC-new,,,,none,no Genesis counterpart established (front end/menus/PC libs are PC-original); FM95 candidate name listed for reference,from_fm95(unverified),isActorInEngagementZone,engine_physics_ai,fm95-only
0005382C,sub_5382C,checkcheck,93G,hockey93_03.asm,collide94.asm,92G checkcheck,low,"callee alignment under 1 matched caller(s) checkcx; cosine: 0.27; fieldseq: 0.32; shared: f:SPA fv:SPA g:823483 c:randomd0 c:vtoa fb:pflags f:pflags fv:Ypos; calls: 3 known Genesis callees present, 0 missing, 1 extra; size: ninsn PC 350 / G 79",fm95_role_only(unverified),handleActorInteraction,engine_physics_ai,callgraph(it0)
00053CE5,sub_53CE5,checkgoalp,93G,hockey93_04.asm,collide94.asm,92G checkgoalp; 95G checkgoalp,medium,"caller propagation weight 1.00 via matched callees CheckBump; cosine: 0.11; fieldseq: 0.49; shared: f:SCnum fv:SCnum f:Ypos fv:Ypos fv:Xpos f:Xpos; calls: 0 known Genesis callees present, 0 missing, 0 extra; size: ninsn PC 106 / G 41",fm95_role_only(unverified),tryStartContactFromOffsets,engine_physics_ai,callers(it0)
00053E6A,sub_53E6A,checkint,93G,hockey93_03.asm,collide94.asm,92G checkint; 95G checkint,low,"callee alignment under 1 matched caller(s) checkcx; cosine: 0.31; fieldseq: 0.33; shared: g:823483 f:SCnum fv:SCnum i:1E i:19 c:randomd0 fb:pflags2 f:pflags2; calls: 1 known Genesis callees present, 0 missing, 0 extra; size: ninsn PC 81 / G 34",fm95_role_only(unverified),maybeTriggerContactState11,engine_physics_ai,callgraph(it0)
00053F8C,sub_53F8C,checkob,93G,logic93_4.asm,checks94.asm,92G checkob; 95G checkob,medium,"callee alignment under 1 matched caller(s) asspuckc; cosine: 0.35; fieldseq: 0.74; shared: fv:position f:position f:Ypos fv:Ypos fb:pflags f:SCnum fv:SCnum f:pflags; calls: 0 known Genesis callees present, 0 missing, 0 extra; size: ninsn PC 121 / G 41",fm95_role_only(unverified),updateLaneBlockFlag,engine_physics_ai,callgraph(it0)
00054134,sub_54134,,PC-new,,,,none,no Genesis counterpart established (front end/menus/PC libs are PC-original); FM95 candidate name listed for reference,from_fm95(unverified),getActorAttributeForState,engine_physics_ai,fm95-only
000541CA,sub_541CA,,PC-new,,,,none,no Genesis counterpart established (front end/menus/PC libs are PC-original); FM95 candidate name listed for reference,from_fm95(unverified),maybeTriggerState8Event,engine_physics_ai,fm95-only
0005428A,sub_5428A,checkpuckcoll,93G,hockey93_04.asm,collide94.asm,92G checkpuckcoll; 95G checkpuckcoll,medium,"caller propagation weight 1.33 via matched callees GetHot, puckgoalie; cosine: 0.20; fieldseq: 0.51; shared: c:puckgoalie f:Ypos fv:Ypos i:C4 i:200 fv:Xpos f:Xpos fv:position; calls: 1 known Genesis callees present, 0 missing, 0 extra; size: ninsn PC 412 / G 123",fm95_role_only(unverified),handleActorInteraction,engine_physics_ai,callers(it1)
000548AC,sub_548AC,,PC-new,,,,none,no Genesis counterpart established (front end/menus/PC libs are PC-original); FM95 candidate name listed for reference,from_fm95(unverified),scanInteractionTableForActor,engine_physics_ai,fm95-only
00054990,sub_54990,CheckBump,93G,hockey93_04.asm,collide94.asm,92G CheckBump; 95G CheckBump,medium,"cosine: 0.42; fieldseq: 1.00; shared: f:Yvel fv:Yvel f:Xvel fv:Xvel i:28 g:823483 f:Ypos fv:Ypos; calls: 0 known Genesis callees present, 0 missing, 1 extra; size: ninsn PC 63 / G 34; margin 2.51",fm95_role_only(unverified),dampenActorVelocityOnContact,engine_physics_ai,semantic(it0)
00054A53,sub_54A53,,PC-new,,,,none,no Genesis counterpart established (front end/menus/PC libs are PC-original); FM95 candidate name listed for reference,from_fm95(unverified),computeEngagementTableDelta,engine_physics_ai,fm95-only
00054AF9,sub_54AF9,chk4lc,93G,logic93_3.asm,,92G chk4lc,low,"callee alignment under 1 matched caller(s) asspuckc; cosine: 0.17; fieldseq: 0.49; shared: fb:pflags2 fb:pflags f:pflags2 f:pflags; calls: 0 known Genesis callees present, 0 missing, 1 extra; size: ninsn PC 73 / G 25",fm95_role_only(unverified),tryStartEngagementSequence,engine_physics_ai,callgraph(it3)
00054C09,sub_54C09,,PC-new,,,,none,no Genesis counterpart established (front end/menus/PC libs are PC-original); FM95 candidate name listed for reference,from_fm95(unverified),checkEngagementEligibility,engine_physics_ai,fm95-only
00054D63,sub_54D63,,PC-new,,,,none,no Genesis counterpart established (front end/menus/PC libs are PC-original); FM95 candidate name listed for reference,from_fm95(unverified),initEngagementMotionState,engine_physics_ai,fm95-only
00054DF4,sub_54DF4,dopass,93G,logic93_1.asm,input94.asm,92G dopass; 95G dopass,medium,"cosine: 0.40; fieldseq: 0.62; shared: i:BB8 fv:position f:position c:vtoa f:SCnum fv:SCnum fb:pflags f:pflags; calls: 3 known Genesis callees present, 0 missing, 0 extra; size: ninsn PC 233 / G 101; margin 2.07",fm95_role_only(unverified),updateEngagementMotion,engine_physics_ai,semantic(it0)
0005514E,sub_5514E,,PC-new,,,,none,no Genesis counterpart established (front end/menus/PC libs are PC-original); FM95 candidate name listed for reference,from_fm95(unverified),maybeUpdateEngagementMotion,engine_physics_ai,fm95-only
000551AF,sub_551AF,setpassmode,93G,logic93_1.asm,input94.asm,92G setpassmode,medium,"callee alignment under 1 matched caller(s) doinput_ispc; cosine: 0.58; fieldseq: 1.00; shared: fv:facedir f:facedir; calls: 0 known Genesis callees present, 0 missing, 0 extra; size: ninsn PC 7 / G 4",fm95_role_only(unverified),setEngagementDirectionIndex,engine_physics_ai,callgraph(it1)
000551CF,sub_551CF,passtoa0,93G,logic93_1.asm,input94.asm,92G passtoa0; 95G passtoa0,medium,"callee alignment under 1 matched caller(s) dopass; cosine: 0.32; fieldseq: 0.50; shared: fv:temp3 f:temp3 f:temp4 fv:temp4 i:78 i:18 i:13 f:SCnum; calls: 0 known Genesis callees present, 0 missing, 1 extra; size: ninsn PC 213 / G 91",fm95_role_only(unverified),computeEngagementOffsets,engine_physics_ai,callgraph(it0)
00055493,sub_55493,doinput,93G,logic93_1.asm,input94.asm,92G doinput; 95G doinput,low,"caller propagation weight 0.50 via matched callees checkob; cosine: 0.41; fieldseq: 0.55; shared: fv:position f:position f:SCnum fv:SCnum fb:pflags2 f:pflags2 fb:pflags f:pflags; calls: 0 known Genesis callees present, 0 missing, 3 extra; size: ninsn PC 239 / G 58",fm95_role_only(unverified),evaluateEngagementCandidate,engine_physics_ai,callers(it0)
00055804,sub_55804,chk4pass,93G,logic93_3.asm,checks94.asm,92G chk4pass; 95G chk4pass,low,"callee alignment under 1 matched caller(s) asspuckc; cosine: 0.22; fieldseq: 0.39; shared: c:vtoa c:randomd0 f:SCnum fv:SCnum fv:position f:position f:pflags fb:pflags; calls: 2 known Genesis callees present, 1 missing, 0 extra; size: ninsn PC 142 / G 89",fm95_role_only(unverified),maybeTriggerEngagementSequence,engine_physics_ai,callgraph(it0)
00055A35,sub_55A35,,PC-new,,,,none,no Genesis counterpart established (front end/menus/PC libs are PC-original); FM95 candidate name listed for reference,from_fm95(unverified),updateEngagementYOffset,engine_physics_ai,fm95-only
00055A9F,sub_55A9F,,PC-new,,,,none,no Genesis counterpart established (front end/menus/PC libs are PC-original); FM95 candidate name listed for reference,from_fm95(unverified),updateBoundaryFlagsForSide,engine_physics_ai,fm95-only
00055C6F,sub_55C6F,,PC-new,,,,none,no Genesis counterpart established (front end/menus/PC libs are PC-original); FM95 candidate name listed for reference,from_fm95(unverified),updateActorSideFlags,engine_physics_ai,fm95-only
000562DB,sub_562DB,FallDown,93G,hockey93_03.asm,collide94.asm,92G FallDown; 95G FallDown,low,"cosine: 0.27; fieldseq: 0.39; shared: fv:SPA f:SPA f:SCnum fv:SCnum f:facedir c:AddPenalty2 c:SetSPA fb:pflags; calls: 4 known Genesis callees present, 0 missing, 2 extra; size: ninsn PC 494 / G 108; margin 1.15",fm95_role_only(unverified),updateActorInteractionState,engine_physics_ai,semantic(it1)
00056A54,sub_56A54,Bcheck,93G,hockey93_03.asm,collide94.asm,95G Bcheck,low,"caller propagation weight 0.50 via matched callees checkagr; cosine: 0.34; fieldseq: 0.60; shared: fb:pflags c:vtoa f:pflags c:randomd0 f:Ypos fv:Ypos fb:pflags2 f:pflags2; calls: 2 known Genesis callees present, 0 missing, 0 extra; size: ninsn PC 81 / G 36",not_in_fm95,,engine_physics_ai,callers(it0)
00056B79,sub_56B79,holdcheck,93G,hockey93_03.asm,collide94.asm,92G holdcheck; 95G holdcheck,medium,"cosine: 0.43; fieldseq: 0.82; shared: fv:SPA f:SPA fv:Xvel f:Xvel fv:Yvel f:Yvel c:SetSPA fb:pflags; calls: 2 known Genesis callees present, 0 missing, 0 extra; size: ninsn PC 107 / G 51; margin 2.57",not_in_fm95,,engine_physics_ai,semantic(it0)
00056D06,sub_56D06,puckbody,93G,hockey93_05.asm,collide94.asm,92G puckbody; 95G puckbody,low,"cosine: 0.23; fieldseq: 0.34; shared: c:puckflip c:sfx c:GetHot f:Yvel fv:Yvel c:SetSPA f:Xvel fv:Xvel; calls: 4 known Genesis callees present, 0 missing, 1 extra; size: ninsn PC 98 / G 38; margin 0.83",not_in_fm95,,engine_physics_ai,semantic(it2)
00056ECF,sub_56ECF,puckshadow,93G,logic93_5.asm,checks94.asm,92G puckshadow; 95G puckshadow,medium,"asstab slot 25; field alignment 100% of 6 known-field accesses; content rank 2/34 vs other slot routines; 0 known Genesis callees present, 0 missing, 0 extra",not_in_fm95,,engine_physics_ai,asstab+content
00056F5A,sub_56F5A,puckglue,93G,hockey93_05.asm,collide94.asm,95G puckglue,medium,"cosine: 0.45; fieldseq: 0.55; shared: fv:temp5 f:temp5 i:8C i:C8 f:SPA fv:SPA f:SCnum fv:SCnum; calls: 0 known Genesis callees present, 0 missing, 0 extra; size: ninsn PC 81 / G 35; margin 1.62",not_in_fm95,,engine_physics_ai,semantic(it0)
00057096,sub_57096,puckgoalie,93G,hockey93_05.asm,collide94.asm,92G puckgoalie; 95G puckgoalie,medium,"caller propagation weight 1.20 via matched callees puckflip, puckglue; cosine: 0.16; fieldseq: 0.42; shared: c:randomd0 f:SPA fv:SPA f:SCnum fv:SCnum c:vtoa g:823483 fv:temp4; calls: 2 known Genesis callees present, 0 missing, 0 extra; size: ninsn PC 273 / G 107",not_in_fm95,,engine_physics_ai,callers(it0)
00057483,sub_57483,puckstick,93G,hockey93_05.asm,collide94.asm,92G puckstick; 95G puckstick,medium,"caller propagation weight 1.00 via matched callees deflect; cosine: 0.25; fieldseq: 0.29; shared: fv:pflags fv:position f:position i:32C8 c:deflect i:2BC i:24 f:pflags; calls: 2 known Genesis callees present, 0 missing, 1 extra; size: ninsn PC 264 / G 71",not_in_fm95,,engine_physics_ai,callers(it1)
0005786E,sub_5786E,SetShotMode,93G,logic93_1.asm,input94.asm,92G SetShotMode; 95G SetShotMode,medium,"callee alignment under 1 matched caller(s) assshoot; cosine: 0.17; fieldseq: 0.71; shared: c:vtoa c:SetSPA fb:pflags f:pflags f:Ypos fv:Ypos fv:Xpos f:Xpos; calls: 2 known Genesis callees present, 0 missing, 0 extra; size: ninsn PC 37 / G 17",not_in_fm95,,engine_physics_ai,callgraph(it0)
000578FA,sub_578FA,ShotMode,93G,logic93_1.asm,input94.asm,92G ShotMode; 95G ShotMode,medium,"callee alignment under 1 matched caller(s) assshoot; cosine: 0.49; fieldseq: 0.66; shared: f:SPAnum fv:SPAnum; calls: 0 known Genesis callees present, 0 missing, 1 extra; size: ninsn PC 93 / G 18",not_in_fm95,,engine_physics_ai,callgraph(it0)
000579FF,sub_579FF,Findhittype,93G,logic93_1.asm,input94.asm,92G Findhittype; 95G Findhittype,medium,"cosine: 0.60; fieldseq: 0.70; shared: i:F0 fv:facedir f:facedir; calls: 0 known Genesis callees present, 0 missing, 0 extra; size: ninsn PC 22 / G 9; margin 6.50",not_in_fm95,,engine_physics_ai,semantic(it0)
00057A3E,sub_57A3E,deflect,93G,hockey93_05.asm,collide94.asm,92G deflect,high,"cosine: 0.56; fieldseq: 0.71; shared: i:1000 c:randomd0 f:Yvel fv:Yvel f:Xvel fv:Xvel; calls: 1 known Genesis callees present, 0 missing, 0 extra; size: ninsn PC 21 / G 11; margin 4.29",not_in_fm95,,engine_physics_ai,semantic(it0)
00057A98,sub_57A98,checkgoalp_CalcGoalShotDir,93G,logic93_1.asm,,,medium,"cosine: 0.40; fieldseq: 0.78; shared: fb:pflags f:pflags i:2C i:12 fv:position f:position f:Xvel fv:Xvel; calls: 0 known Genesis callees present, 0 missing, 0 extra; size: ninsn PC 116 / G 56; margin 1.80",not_in_fm95,,engine_physics_ai,semantic(it0)
00057C0B,sub_57C0B,doshot,93G,logic93_1.asm,input94.asm,92G doshot; 95G doshot,low,"cosine: 0.30; fieldseq: 0.35; shared: i:1800 i:5249 i:B33 c:randomd0 f:SCnum fv:SCnum i:3C f:SPA; calls: 1 known Genesis callees present, 0 missing, 0 extra; size: ninsn PC 341 / G 120; margin 0.74",not_in_fm95,,engine_physics_ai,semantic(it0)
000580F5,sub_580F5,checkcoll,93G,hockey93_03.asm,collide94.asm,92G checkcoll; 95G checkcoll,low,"cosine: 0.36; fieldseq: 0.45; shared: c:checkwallcoll g:823482 c:checkplcoll f:SCnum fv:SCnum fv:Wallcos f:Wallcos f:Ypos; calls: 2 known Genesis callees present, 0 missing, 0 extra; size: ninsn PC 117 / G 66; margin 1.80",not_in_fm95,,engine_physics_ai,semantic(it1)
000582C9,sub_582C9,checkwallcoll,93G,hockey93_04.asm,collide94.asm,92G checkwallcoll; 95G checkwallcoll,low,"caller propagation weight 0.50 via matched callees wallcollb; cosine: 0.20; fieldseq: 0.52; shared: fv:Wallsin f:Wallsin f:Wallcos fv:Wallcos; calls: 0 known Genesis callees present, 0 missing, 0 extra; size: ninsn PC 128 / G 70",not_in_fm95,,engine_physics_ai,callers(it0)
000584AA,sub_584AA,checkgoal,93G,hockey93_04.asm,collide94.asm,92G checkgoal,low,"cosine: 0.25; fieldseq: 0.54; shared: i:1000 i:FF00 c:puckflip fb:pflags f:pflags g:823482 c:randomd0 fv:Ypos; calls: 2 known Genesis callees present, 0 missing, 1 extra; size: ninsn PC 201 / G 107; margin 0.88",not_in_fm95,,engine_physics_ai,semantic(it1)
000587D3,sub_587D3,wallcoll,93G,hockey93_04.asm,collide94.asm,92G wallcoll; 95G wallcoll,low,"cosine: 0.37; fieldseq: 0.46; shared: i:FC7C f:Yvel fv:Yvel i:FC18 f:Xvel fv:Xvel i:FC00 c:puckflip; calls: 2 known Genesis callees present, 0 missing, 0 extra; size: ninsn PC 248 / G 77; margin 2.10",not_in_fm95,,engine_physics_ai,semantic(it1)
00058B7F,sub_58B7F,wallcollb,93G,hockey93_04.asm,collide94.asm,92G wallcollb; 95G wallcollb,medium,"cosine: 0.29; fieldseq: 0.73; shared: i:FA0 f:Yvel fv:Yvel i:1D i:12 c:SetSPA f:Ypos fv:Ypos; calls: 1 known Genesis callees present, 0 missing, 0 extra; size: ninsn PC 96 / G 41; margin 2.17",not_in_fm95,,engine_physics_ai,semantic(it0)
00058CE2,sub_58CE2,checkplcoll,93G,hockey93_03.asm,collide94.asm,92G checkplcoll; 95G checkplcoll,medium,"caller propagation weight 1.00 via matched callees checkcx; cosine: 0.20; fieldseq: 0.69; shared: f:SCnum fv:SCnum fb:pflags2 f:pflags2; calls: 0 known Genesis callees present, 0 missing, 0 extra; size: ninsn PC 64 / G 33",not_in_fm95,,engine_physics_ai,callers(it0)
00058DC7,sub_58DC7,checkcx,93G,hockey93_03.asm,collide94.asm,92G checkcx; 95G checkcx,low,"cosine: 0.44; fieldseq: 0.53; shared: i:8C f:SCnum fv:SCnum f:Yvel fv:Yvel fv:pflags f:Xvel fv:Xvel; calls: 0 known Genesis callees present, 0 missing, 1 extra; size: ninsn PC 281 / G 122; margin 1.16",not_in_fm95,,engine_physics_ai,semantic(it0)
000591C7,sub_591C7,CPgoalie,93G,logic93_4.asm,checks94.asm,92G CPgoalie; 95G CPgoalie,medium,"cosine: 0.36; fieldseq: 0.61; shared: c:setpersonel i:3C fb:pflags f:pflags; calls: 1 known Genesis callees present, 0 missing, 0 extra; size: ninsn PC 43 / G 19; margin 2.51",not_in_fm95,,engine_physics_ai,semantic(it5)
00059884,sub_59884,sfx,93G,middle93_1.asm,video94.asm,92G sfx; 95G sfx,medium,"callee alignment under 4 matched caller(s) checkgoal, puckgoalie, wallcoll, wallcollb; cosine: 0.00; fieldseq: 0.00; shared: ; calls: 0 known Genesis callees present, 0 missing, 0 extra; size: ninsn PC 53 / G 10",not_in_fm95,,engine_sound_iface,callgraph(it1)
00059BFB,nullsub_5,nullsub_5,library,watcom_clib,,,high,IDA FLIRT Watcom library signature (collapsed body 1 bytes),not_in_fm95,,engine_sound_iface,flirt
00059D9A,sub_59D9A,SetSPA,93G,logic93_5.asm,checks94.asm,92G SetSPA,high,identical semantics: SPA/SPAnum/SPAcnt at PC +38h/+3Ah/+3Ch,not_in_fm95,,engine_core,manual+fields
0005A03B,sub_5A03B,AvgCline,93G,penalty93_2.asm,penalty94.asm,92G AvgCline; 95G AvgCline,low,"callee alignment under 1 matched caller(s) chk4lc; cosine: 0.20; fieldseq: 0.46; shared: f:position fv:position; calls: 0 known Genesis callees present, 0 missing, 0 extra; size: ninsn PC 35 / G 19",not_in_fm95,,engine_core,callgraph(it4)
0005A425,sub_5A425,GetHot,93G,logic93_5.asm,checks94.asm,92G GetHot; 95G GetHot,medium,"callee alignment under 2 matched caller(s) assnearest, checkcoll; cosine: 0.00; fieldseq: 0.00; shared: ; calls: 0 known Genesis callees present, 0 missing, 0 extra; size: ninsn PC 40 / G 26",not_in_fm95,,engine_core,callgraph(it1)
0005AAAE,sub_5AAAE,releasepl,93G,penalty93_1.asm,penalty94.asm,92G releasepl; 95G releasepl,low,"cosine: 0.53; fieldseq: 0.82; shared: f:position fv:position fb:pflags2 f:pflags2; calls: 0 known Genesis callees present, 0 missing, 0 extra; size: ninsn PC 38 / G 23; margin 1.14",not_in_fm95,,engine_core,semantic(it1)
0005B298,sub_5B298,Setplass,93G,hockey93_05.asm,collide94.asm,92G Setplass; 95G Setplass,medium,"callee alignment under 2 matched caller(s) check4bench, forcepldata; cosine: 0.53; fieldseq: 1.00; shared: f:position fv:position; calls: 0 known Genesis callees present, 0 missing, 0 extra; size: ninsn PC 13 / G 17",not_in_fm95,,engine_core,callgraph(it1)
0005B826,sub_5B826,reenergizeteam,93G,penalty93_2.asm,penalty94.asm,92G reenergizeteam,low,"cosine: 0.76; fieldseq: 0.00; shared: i:FFFD i:1000; calls: 0 known Genesis callees present, 0 missing, 0 extra; size: ninsn PC 31 / G 8; margin 2.27",not_in_fm95,,engine_core,semantic(it0)
0005BEF4,sub_5BEF4,setpersonel,93G,hockey93_05.asm,collide94.asm,92G setpersonel; 95G setpersonel,medium,"callee alignment under 2 matched caller(s) chk4lc, puckfaceoff2; cosine: 0.64; fieldseq: 0.75; shared: f:newpnum fv:newpnum fv:newpos f:newpos fv:position f:position; calls: 0 known Genesis callees present, 0 missing, 1 extra; size: ninsn PC 80 / G 47",not_in_fm95,,engine_core,callgraph(it4)
0005C1C4,sub_5C1C4,DoGameFrame,93G,hockey93_01.asm,hockey94.asm,92G DoGameFrame,medium,"caller propagation weight 1.00 via matched callees updateplayers; cosine: 1.00; fieldseq: 0.00; shared: c:updateplayers; calls: 1 known Genesis callees present, 0 missing, 0 extra; size: ninsn PC 5 / G 9",not_in_fm95,,engine_core,callers(it0)
0005C40F,sub_5C40F,updateplayers,93G,hockey93_02.asm,replay94.asm,92G updateplayers,medium,dispatches asstab (C9161) via assnum(+1Ch)-indexed asslist; content of slots 0-$1C verified against 93G routines; 93G hockey93_02 updateplayers,not_in_fm95,,engine_core,manual+table
0005CAEF,sub_5CAEF,updateanim,93G,hockey93_02.asm,replay94.asm,92G updateanim,low,"cosine: 0.43; fieldseq: 0.60; shared: fv:SPAnum f:SPAnum f:SPAcnt fv:SPAcnt f:SPA fv:SPA fb:pflags2 f:pflags2; calls: 0 known Genesis callees present, 0 missing, 1 extra; size: ninsn PC 161 / G 51; margin 0.87",not_in_fm95,,engine_core,semantic(it0)
0005DF86,sub_5DF86,ResetBench,93G,hockey93_05.asm,collide94.asm,92G ResetBench; 95G ResetBench,low,"cosine: 0.77; fieldseq: 0.00; shared: g:957114 i:FFFD i:7FF; calls: 0 known Genesis callees present, 0 missing, 0 extra; size: ninsn PC 47 / G 24; margin 2.51",not_in_fm95,,engine_core,semantic(it0)
0005E01A,sub_5E01A,resetplstuff,93G,hockey93_06.asm,setup94.asm,92G resetplstuff; 95G resetplstuff,medium,"callee alignment under 1 matched caller(s) puckfaceoff2; cosine: 0.45; fieldseq: 0.42; shared: fv:pflags2 i:C2 c:SetSPA f:pflags2 fv:position f:position f:pflags; calls: 1 known Genesis callees present, 0 missing, 0 extra; size: ninsn PC 35 / G 21",not_in_fm95,,engine_core,callgraph(it0)
0005E0DD,sub_5E0DD,forcepldata,93G,hockey93_05.asm,collide94.asm,92G forcepldata; 95G forcepldata,high,"cosine: 0.92; fieldseq: 0.90; shared: fv:newpos f:newpos f:newpnum fv:newpnum fv:position f:position i:11; calls: 0 known Genesis callees present, 0 missing, 0 extra; size: ninsn PC 45 / G 24; margin 3.44",not_in_fm95,,engine_core,semantic(it0)
0005E16D,sub_5E16D,doplayeracc,93G,logic93_5.asm,checks94.asm,92G doplayeracc; 95G doplayeracc,medium,"cosine: 0.44; fieldseq: 0.67; shared: i:180 c:vtoa fv:facedir f:facedir fb:pflags f:pflags fv:Xvel f:Xvel; calls: 2 known Genesis callees present, 0 missing, 0 extra; size: ninsn PC 243 / G 114; margin 2.71",not_in_fm95,,engine_skating,semantic(it0)
0005E93B,sub_5E93B,skateto,93G,logic93_5.asm,checks94.asm,92G skateto; 95G skateto,high,"callee alignment under 5 matched caller(s) asscenterd, assdefd, assgoalie, assnearest; cosine: 0.43; fieldseq: 0.67; shared: c:vtoa fv:facedir f:facedir f:Xvel fv:Xvel fv:temp2 f:temp2 f:Yvel; calls: 1 known Genesis callees present, 0 missing, 0 extra; size: ninsn PC 138 / G 54",not_in_fm95,,engine_skating,callgraph(it0)
0005EB17,sub_5EB17,skatetopuck,93G,logic93_5.asm,checks94.asm,92G skatetopuck; 95G skatetopuck,low,"cosine: 0.41; fieldseq: 0.60; shared: c:vtoa fv:facedir f:facedir c:doplayeracc c:GetHot fv:temp2 f:temp2 fv:position; calls: 3 known Genesis callees present, 0 missing, 3 extra; size: ninsn PC 187 / G 46; margin 1.06",not_in_fm95,,engine_skating,semantic(it2)
0005EDAD,sub_5EDAD,playeracc,93G,logic93_5.asm,checks94.asm,92G playeracc; 95G playeracc,low,"callee alignment under 1 matched caller(s) assstanley; cosine: 0.23; fieldseq: 0.39; shared: i:C00 fv:Wallcos f:Wallcos f:Yvel fv:Yvel f:Wallsin fv:Wallsin f:Xvel; calls: 0 known Genesis callees present, 0 missing, 1 extra; size: ninsn PC 190 / G 68",not_in_fm95,,engine_skating,callgraph(it1)
0005F8B2,sub_5F8B2,goalieacc,93G,logic93_5.asm,,,high,"manual trace: called by doplayeracc when position=0, dir 9=stop, callees match 93G goalieacc",not_in_fm95,,engine_skating,manual-trace
0005F98A,sub_5F98A,noturn0,93G,logic93_5.asm,checks94.asm,92G noturn0; 95G noturn0,medium,"cosine: 0.38; fieldseq: 0.71; shared: fv:facedir f:facedir c:SetSPA fb:pflags fb:pflags2 f:pflags2 f:pflags f:SCnum; calls: 2 known Genesis callees present, 0 missing, 0 extra; size: ninsn PC 107 / G 41; margin 2.00",not_in_fm95,,engine_skating,semantic(it0)
0005FB03,sub_5FB03,,PC-new,,,,none,no Genesis counterpart established (front end/menus/PC libs are PC-original); FM95 candidate name listed for reference,from_fm95(unverified),saveGameDataToFile,game_state_saveload,fm95-only
00060612,sub_60612,,PC-new,,,,none,no Genesis counterpart established (front end/menus/PC libs are PC-original); FM95 candidate name listed for reference,from_fm95(confirmed),"saveOrLoadGame {string ""Error Saving Game"" found; string ""Error Loading Game"" found}",game_state_saveload,fm95-only
00062CF9,sub_62CF9,AddPenalty,93G,penalty93_1.asm,penalty94.asm,92G AddPenalty; 95G AddPenalty,medium,"callee alignment under 4 matched caller(s) Bcheck, checkcheck, checkint, holdcheck; cosine: 0.21; fieldseq: 0.00; shared: g:823483; calls: 0 known Genesis callees present, 0 missing, 1 extra; size: ninsn PC 35 / G 10",not_in_fm95,,scoring_penalty_text,callgraph(it1)
00062D80,sub_62D80,AddPenalty2,93G,penalty93_1.asm,penalty94.asm,92G AddPenalty2; 95G AddPenalty2,medium,"callee alignment under 2 matched caller(s) CheckBump, assgoalie; cosine: 0.10; fieldseq: 0.19; shared: f:pflags2 fb:pflags f:pflags i:14; calls: 0 known Genesis callees present, 0 missing, 0 extra; size: ninsn PC 77 / G 28",not_in_fm95,,scoring_penalty_text,callgraph(it0)
00063543,sub_63543,Stop4Pen,93G,penalty93_1.asm,penalty94.asm,92G Stop4Pen; 95G Stop4Pen,medium,"callee alignment under 1 matched caller(s) FallDown; cosine: 0.06; fieldseq: 0.71; shared: g:823483 i:258 fb:pflags f:pflags; calls: 0 known Genesis callees present, 0 missing, 0 extra; size: ninsn PC 140 / G 56",not_in_fm95,,scoring_penalty_text,callgraph(it1)
00065B83,sub_65B83,setInjuryType,93G,hockey93_03.asm,collide94.asm,95G setInjuryType,low,"callee alignment under 1 matched caller(s) FallDown; cosine: 0.06; fieldseq: 0.41; shared: fb:pflags f:pflags; calls: 0 known Genesis callees present, 0 missing, 0 extra; size: ninsn PC 100 / G 20",not_in_fm95,,engine_display,callgraph(it1)
00065D01,sub_65D01,checkwindow,93G,hockey93_02.asm,replay94.asm,92G checkwindow; 95G checkwindow,low,"callee alignment under 1 matched caller(s) DoGameFrame; cosine: 0.12; fieldseq: 0.51; shared: i:FFCE i:32 i:28 f:Yvel fv:Yvel f:Ypos fv:Ypos fb:pflags; calls: 0 known Genesis callees present, 0 missing, 0 extra; size: ninsn PC 459 / G 77",not_in_fm95,,engine_display,callgraph(it1)
000675D6,code_675D6,updatereplay,93G,hockey93_02.asm,replay94.asm,92G updatereplay; 95G updatereplay,low,"callee alignment under 1 matched caller(s) DoGameFrame; cosine: 0.09; fieldseq: 0.42; shared: g:957114 fv:position f:position g:823483 f:Ypos fv:Ypos fv:Xpos f:Xpos; calls: 0 known Genesis callees present, 0 missing, 0 extra; size: ninsn PC 216 / G 65",not_in_fm95,,engine_display,callgraph(it1)
00069336,sub_69336,StartHL2,93G,penalty93_2.asm,penalty94.asm,92G StartHL2,medium,"caller propagation weight 2.17 via matched callees ResetBench, forcepldata, reenergizeteam, resetplstuff; cosine: 0.11; fieldseq: 0.41; shared: g:823483 i:3C c:randomd0 i:78 fv:Xpos f:Xpos i:18 f:Yvel; calls: 1 known Genesis callees present, 0 missing, 1 extra; size: ninsn PC 762 / G 192",not_in_fm95,,game_frame,callers(it0)
0006BE95,sub_6BE95,,PC-new,,,,none,no Genesis counterpart established (front end/menus/PC libs are PC-original); FM95 candidate name listed for reference,from_fm95(unverified),initDatabaseSystem,joystick_calibration,fm95-only
0006C2F9,sub_6C2F9,,PC-new,,,,none,no Genesis counterpart established (front end/menus/PC libs are PC-original); FM95 candidate name listed for reference,from_fm95(unverified),promptSaveGameDatabases,database_save,fm95-only
0006C3BB,sub_6C3BB,,PC-new,,,,none,no Genesis counterpart established (front end/menus/PC libs are PC-original); FM95 candidate name listed for reference,from_fm95(unverified),promptNewDatabaseName,database_save,fm95-only
0006D5BB,sub_6D5BB,,PC-new,,,,none,no Genesis counterpart established (front end/menus/PC libs are PC-original); FM95 candidate name listed for reference,from_fm95(unverified),resetDatabaseCursor,create_player,fm95-only
000706E2,sub_706E2,,PC-new,,,,none,no Genesis counterpart established (front end/menus/PC libs are PC-original); FM95 candidate name listed for reference,from_fm95(unverified),checkDiskSpaceForCreatePlayer,create_player,fm95-only
00071961,sub_71961,,PC-new,,,,none,no Genesis counterpart established (front end/menus/PC libs are PC-original); FM95 candidate name listed for reference,from_fm95(unverified),promptFindPlayerByName,create_player,fm95-only
00073703,sub_73703,,PC-new,,,,none,no Genesis counterpart established (front end/menus/PC libs are PC-original); FM95 candidate name listed for reference,from_fm95(unverified),runRosterScreen,database_dialogs,fm95-only
00075456,sub_75456,,PC-new,,,,none,no Genesis counterpart established (front end/menus/PC libs are PC-original); FM95 candidate name listed for reference,from_fm95(unverified),buildRosterTranslationTables,line_editor_rosters,fm95-only
00075BAA,sub_75BAA,,PC-new,,,,none,no Genesis counterpart established (front end/menus/PC libs are PC-original); FM95 candidate name listed for reference,from_fm95(unverified),buildRosterStatsTablesA,line_editor_rosters,fm95-only
00075BDE,sub_75BDE,,PC-new,,,,none,no Genesis counterpart established (front end/menus/PC libs are PC-original); FM95 candidate name listed for reference,from_fm95(unverified),buildRosterStatsTablesB,line_editor_rosters,fm95-only
00079188,sub_79188,,PC-new,,,,none,no Genesis counterpart established (front end/menus/PC libs are PC-original); FM95 candidate name listed for reference,from_fm95(unverified),buildRosterIndexMaps,team_select,fm95-only
0007A1FC,sub_7A1FC,,PC-new,,,,none,no Genesis counterpart established (front end/menus/PC libs are PC-original); FM95 candidate name listed for reference,from_fm95(unverified),runBkgdDialogTimed,settings_dialogs,fm95-only
0007A29C,sub_7A29C,,PC-new,,,,none,no Genesis counterpart established (front end/menus/PC libs are PC-original); FM95 candidate name listed for reference,from_fm95(unverified),runBkgdDialogWithTextBuffers,settings_dialogs,fm95-only
0007B3A7,sub_7B3A7,,PC-new,,,,none,no Genesis counterpart established (front end/menus/PC libs are PC-original); FM95 candidate name listed for reference,from_fm95(unverified),runBkgdMenuScreen9,settings_dialogs,fm95-only
0007BEBB,sub_7BEBB,,PC-new,,,,none,no Genesis counterpart established (front end/menus/PC libs are PC-original); FM95 candidate name listed for reference,from_fm95(unverified),runBkgdMenuScreen10,settings_dialogs,fm95-only
0007C993,sub_7C993,,PC-new,,,,none,no Genesis counterpart established (front end/menus/PC libs are PC-original); FM95 candidate name listed for reference,from_fm95(unverified),runBkgdMenuScreen11,settings_dialogs,fm95-only
0007D137,sub_7D137,,PC-new,,,,none,no Genesis counterpart established (front end/menus/PC libs are PC-original); FM95 candidate name listed for reference,from_fm95(unverified),runBkgdMenuScreen11Validate,settings_dialogs,fm95-only
00082579,sub_82579,,PC-new,,,,none,no Genesis counterpart established (front end/menus/PC libs are PC-original); FM95 candidate name listed for reference,from_fm95(unverified),runSoundOptionsScreen,settings_lockerroom,fm95-only
00086637,sub_86637,,PC-new,,,,none,no Genesis counterpart established (front end/menus/PC libs are PC-original); FM95 candidate name listed for reference,from_fm95(unverified),alwaysAllowMenuItem,demo_savegame,fm95-only
00086696,sub_86696,,PC-new,,,,none,no Genesis counterpart established (front end/menus/PC libs are PC-original); FM95 candidate name listed for reference,from_fm95(unverified),runDatabaseLoadFlow,season_playoffs,fm95-only
0008C230,sub_8C230,randomd0,93G,middle93_1.asm,video94.asm,92G randomd0; 95G randomd0,high,LCG multiplier E62D/BB40 identical to 93G randomd0 (seed StanleyCupTimer),not_in_fm95,,asm_helpers,manual+constants
0008C8E8,sub_8C8E8,vtoa,93G,logic93_5.asm,checks94.asm,92G vtoa; 95G vtoa,high,"returns 8 for x|y==0, same octant logic; 94G vtoa byte table found at D2C75 (data_tables)",not_in_fm95,,asm_helpers,manual+constants
0008C944,sub_8C944,,PC-new,,,,none,no Genesis counterpart established (front end/menus/PC libs are PC-original); FM95 candidate name listed for reference,from_fm95(unverified),storeStackSegment,asm_helpers,fm95-only
0008C94C,__CHK,__CHK,library,watcom_clib,,,high,IDA FLIRT Watcom library signature (collapsed body 16 bytes),not_in_fm95,,watcom_clib_01,flirt
0008C95C,__GRO,__GRO,library,watcom_clib,,,high,IDA FLIRT Watcom library signature (collapsed body 3 bytes),not_in_fm95,,watcom_clib_01,flirt
0008C95F,__STK,__STK,library,watcom_clib,,,high,IDA FLIRT Watcom library signature (collapsed body 45 bytes),not_in_fm95,,watcom_clib_01,flirt
0008D2D8,jctime,jctime,library,watcom_clib,,,high,IDA FLIRT Watcom library signature (collapsed body 23 bytes),not_in_fm95,,watcom_clib_02,flirt
0008DBE4,const type_info::raw_name(void),const type_info::raw_name(void),library,watcom_clib,,,high,IDA FLIRT Watcom library signature (collapsed body 8 bytes),not_in_fm95,,watcom_clib_03,flirt
0008DBF4,_dos_getdrive_,_dos_getdrive_,library,watcom_clib,,,high,IDA FLIRT Watcom library signature (collapsed body 20 bytes),not_in_fm95,,watcom_clib_03,flirt
0008DC08,_dos_setdrive_,_dos_setdrive_,library,watcom_clib,,,high,IDA FLIRT Watcom library signature (collapsed body 20 bytes),not_in_fm95,,watcom_clib_03,flirt
0008DC1C,printf_,printf_,library,watcom_clib,,,high,IDA FLIRT Watcom library signature (collapsed body 34 bytes),not_in_fm95,,watcom_clib_03,flirt
0008DC3E,__null_int23_exit_,__null_int23_exit_,library,watcom_clib,,,high,IDA FLIRT Watcom library signature (collapsed body 1 bytes),not_in_fm95,,watcom_clib_03,flirt
0008DC3F,exit_,exit_,library,watcom_clib,,,high,IDA FLIRT Watcom library signature (collapsed body 22 bytes),not_in_fm95,,watcom_clib_03,flirt
0008DC57,_exit_,_exit_,library,watcom_clib,,,high,IDA FLIRT Watcom library signature (collapsed body 22 bytes),not_in_fm95,,watcom_clib_03,flirt
0008DC6E,_dos_getdiskfree_,_dos_getdiskfree_,library,watcom_clib,,,high,IDA FLIRT Watcom library signature (collapsed body 45 bytes),not_in_fm95,,watcom_clib_03,flirt
0008DC9C,int386_,int386_,library,watcom_clib,,,high,IDA FLIRT Watcom library signature (collapsed body 27 bytes),not_in_fm95,,dos4gw_dpmi_glue_01,flirt
0008E3C0,nullsub_2,nullsub_2,library,watcom_clib,,,high,IDA FLIRT Watcom library signature (collapsed body 1 bytes),not_in_fm95,,watcom_clib_05,flirt
0008E3C4,_os_handle,_os_handle,library,watcom_clib,,,high,IDA FLIRT Watcom library signature (collapsed body 5 bytes),not_in_fm95,,watcom_clib_05,flirt
0008E3CC,_os_handle_0,_os_handle_0,library,watcom_clib,,,high,IDA FLIRT Watcom library signature (collapsed body 5 bytes),not_in_fm95,,watcom_clib_05,flirt
0008E3D4,_os_handle_1,_os_handle_1,library,watcom_clib,,,high,IDA FLIRT Watcom library signature (collapsed body 5 bytes),not_in_fm95,,watcom_clib_05,flirt
0008EAEC,_dos_getdate_,_dos_getdate_,library,watcom_clib,,,high,IDA FLIRT Watcom library signature (collapsed body 27 bytes),not_in_fm95,,watcom_clib_06,flirt
0008EB07,_dos_gettime_,_dos_gettime_,library,watcom_clib,,,high,IDA FLIRT Watcom library signature (collapsed body 26 bytes),not_in_fm95,,watcom_clib_06,flirt
0008EB21,sub_8EB21,sub_8EB21,library,watcom_clib,,,high,IDA FLIRT Watcom library signature (collapsed body 6 bytes),not_in_fm95,,watcom_clib_06,flirt
0008EB27,rand_,rand_,library,watcom_clib,,,high,IDA FLIRT Watcom library signature (collapsed body 36 bytes),not_in_fm95,,watcom_clib_06,flirt
0008EB4B,srand_,srand_,library,watcom_clib,,,high,IDA FLIRT Watcom library signature (collapsed body 16 bytes),not_in_fm95,,watcom_clib_06,flirt
0008FFD4,start,start,library,watcom_clib,,,high,IDA FLIRT Watcom library signature (collapsed body 725 bytes),not_in_fm95,,watcom_clib_07,flirt
000902B0,__STOSB,__STOSB,library,watcom_clib,,,high,IDA FLIRT Watcom library signature (collapsed body 49 bytes),not_in_fm95,,watcom_clib_07,flirt
000902E7,__STOSD,__STOSD,library,watcom_clib,,,high,IDA FLIRT Watcom library signature (collapsed body 108 bytes),not_in_fm95,,watcom_clib_07,flirt
00090392,strcpy_,strcpy_,library,watcom_clib,,,high,IDA FLIRT Watcom library signature (collapsed body 31 bytes),not_in_fm95,,watcom_clib_08,flirt
000903B1,strcat_,strcat_,library,watcom_clib,,,high,IDA FLIRT Watcom library signature (collapsed body 55 bytes),not_in_fm95,,watcom_clib_08,flirt
000903E8,j_unlink_,j_unlink_,library,watcom_clib,,,high,IDA FLIRT Watcom library signature (collapsed body 5 bytes),not_in_fm95,,watcom_clib_08,flirt
000909E0,strnicmp_,strnicmp_,library,watcom_clib,,,high,IDA FLIRT Watcom library signature (collapsed body 87 bytes),not_in_fm95,,watcom_clib_09,flirt
00090AC4,fputchar,fputchar,library,watcom_clib,,,high,IDA FLIRT Watcom library signature (collapsed body 19 bytes),not_in_fm95,,watcom_clib_10,flirt
00090AD7,mem_putc_,mem_putc_,library,watcom_clib,,,high,IDA FLIRT Watcom library signature (collapsed body 19 bytes),not_in_fm95,,watcom_clib_10,flirt
00090AEA,sprintf_,sprintf_,library,watcom_clib,,,high,IDA FLIRT Watcom library signature (collapsed body 48 bytes),not_in_fm95,,watcom_clib_10,flirt
00090B20,memcpy_,memcpy_,library,watcom_clib,,,high,IDA FLIRT Watcom library signature (collapsed body 37 bytes),not_in_fm95,,watcom_clib_10,flirt
00090BB0,unknown_libname_1,unknown_libname_1,library,watcom_clib,,,high,IDA FLIRT Watcom library signature (collapsed body 29 bytes),not_in_fm95,,watcom_clib_11,flirt
00090BCD,unknown_libname_2,unknown_libname_2,library,watcom_clib,,,high,IDA FLIRT Watcom library signature (collapsed body 28 bytes),not_in_fm95,,watcom_clib_11,flirt
00090BEC,sub_90BEC,sub_90BEC,library,watcom_clib,,,high,IDA FLIRT Watcom library signature (collapsed body 35 bytes),not_in_fm95,,watcom_clib_11,flirt
00090C32,rmdir_,rmdir_,library,watcom_clib,,,high,IDA FLIRT Watcom library signature (collapsed body 31 bytes),not_in_fm95,,watcom_clib_12,flirt
00090C52,_dos_close_,_dos_close_,library,watcom_clib,,,high,IDA FLIRT Watcom library signature (collapsed body 15 bytes),not_in_fm95,,watcom_clib_12,flirt
00090C61,_dos_commit_,_dos_commit_,library,watcom_clib,,,high,IDA FLIRT Watcom library signature (collapsed body 16 bytes),not_in_fm95,,watcom_clib_12,flirt
00090C71,_dos_open_,_dos_open_,library,watcom_clib,,,high,IDA FLIRT Watcom library signature (collapsed body 15 bytes),not_in_fm95,,watcom_clib_12,flirt
00090C80,_dos_creat_,_dos_creat_,library,watcom_clib,,,high,IDA FLIRT Watcom library signature (collapsed body 20 bytes),not_in_fm95,,watcom_clib_12,flirt
00090CA8,lseek_,lseek_,library,watcom_clib,,,high,IDA FLIRT Watcom library signature (collapsed body 65 bytes),not_in_fm95,,watcom_clib_12,flirt
00090CEA,_dos_read_,_dos_read_,library,watcom_clib,,,high,IDA FLIRT Watcom library signature (collapsed body 42 bytes),not_in_fm95,,watcom_clib_12,flirt
00090D14,_dos_write_,_dos_write_,library,watcom_clib,,,high,IDA FLIRT Watcom library signature (collapsed body 7 bytes),not_in_fm95,,watcom_clib_12,flirt
00091350,memset_,memset_,library,watcom_clib,,,high,IDA FLIRT Watcom library signature (collapsed body 24 bytes),not_in_fm95,,watcom_clib_13,flirt
00091984,_nmalloc_,_nmalloc_,library,watcom_clib,,,high,IDA FLIRT Watcom library signature (collapsed body 227 bytes),not_in_fm95,,watcom_clib_14,flirt
00091A67,_nfree_,_nfree_,library,watcom_clib,,,high,IDA FLIRT Watcom library signature (collapsed body 94 bytes),not_in_fm95,,watcom_clib_14,flirt
00091AC5,strlen_,strlen_,library,watcom_clib,,,high,IDA FLIRT Watcom library signature (collapsed body 25 bytes),not_in_fm95,,watcom_clib_14,flirt
00091ADE,__open_flags_,__open_flags_,library,watcom_clib,,,high,IDA FLIRT Watcom library signature (collapsed body 180 bytes),not_in_fm95,,watcom_clib_14,flirt
00091B92,__doopen_,__doopen_,library,watcom_clib,,,high,IDA FLIRT Watcom library signature (collapsed body 200 bytes),not_in_fm95,,watcom_clib_14,flirt
00091C5A,_fsopen_,_fsopen_,library,watcom_clib,,,high,IDA FLIRT Watcom library signature (collapsed body 27 bytes),not_in_fm95,,watcom_clib_14,flirt
00091C75,fopen_,fopen_,library,watcom_clib,,,high,IDA FLIRT Watcom library signature (collapsed body 10 bytes),not_in_fm95,,watcom_clib_14,flirt
00091C7F,close_file_,close_file_,library,watcom_clib,,,high,IDA FLIRT Watcom library signature (collapsed body 104 bytes),not_in_fm95,,watcom_clib_14,flirt
00091D0B,fclose_,fclose_,library,watcom_clib,,,high,IDA FLIRT Watcom library signature (collapsed body 47 bytes),not_in_fm95,,watcom_clib_15,flirt
00091D3A,__shutdown_stream_,__shutdown_stream_,library,watcom_clib,,,high,IDA FLIRT Watcom library signature (collapsed body 21 bytes),not_in_fm95,,watcom_clib_15,flirt
00091D4F,__hex_,__hex_,library,watcom_clib,,,high,IDA FLIRT Watcom library signature (collapsed body 12 bytes),not_in_fm95,,watcom_clib_15,flirt
00091D5B,__MkTmpFile_,__MkTmpFile_,library,watcom_clib,,,high,IDA FLIRT Watcom library signature (collapsed body 105 bytes),not_in_fm95,,watcom_clib_15,flirt
00091DC4,__doclose_,__doclose_,library,watcom_clib,,,high,IDA FLIRT Watcom library signature (collapsed body 137 bytes),not_in_fm95,,watcom_clib_15,flirt
00091E4D,strncpy_,strncpy_,library,watcom_clib,,,high,IDA FLIRT Watcom library signature (collapsed body 37 bytes),not_in_fm95,,watcom_clib_15,flirt
00091E72,fputs_,fputs_,library,watcom_clib,,,high,IDA FLIRT Watcom library signature (collapsed body 129 bytes),not_in_fm95,,watcom_clib_15,flirt
00091F00,strcmp_,strcmp_,library,watcom_clib,,,high,IDA FLIRT Watcom library signature (collapsed body 161 bytes),not_in_fm95,,watcom_clib_15,flirt
00091FBC,memcmp_,memcmp_,library,watcom_clib,,,high,IDA FLIRT Watcom library signature (collapsed body 30 bytes),not_in_fm95,,watcom_clib_15,flirt
00092068,open_,open_,library,watcom_clib,,,high,IDA FLIRT Watcom library signature (collapsed body 36 bytes),not_in_fm95,,watcom_clib_16,flirt
0009208C,sopen_,sopen_,library,watcom_clib,,,high,IDA FLIRT Watcom library signature (collapsed body 453 bytes),not_in_fm95,,watcom_clib_16,flirt
00092251,__set_binary_,__set_binary_,library,watcom_clib,,,high,IDA FLIRT Watcom library signature (collapsed body 101 bytes),not_in_fm95,,watcom_clib_16,flirt
000922B6,read_,read_,library,watcom_clib,,,high,IDA FLIRT Watcom library signature (collapsed body 275 bytes),not_in_fm95,,watcom_clib_16,flirt
000923C9,j___close_,j___close_,library,watcom_clib,,,high,IDA FLIRT Watcom library signature (collapsed body 5 bytes),not_in_fm95,,watcom_clib_16,flirt
000923CE,byteswap_,byteswap_,library,watcom_clib,,,high,IDA FLIRT Watcom library signature (collapsed body 38 bytes),not_in_fm95,,watcom_clib_16,flirt
000923F4,med3_,med3_,library,watcom_clib,,,high,IDA FLIRT Watcom library signature (collapsed body 88 bytes),not_in_fm95,,watcom_clib_16,flirt
0009244C,qsort_,qsort_,library,watcom_clib,,,high,IDA FLIRT Watcom library signature (collapsed body 1085 bytes),not_in_fm95,,watcom_clib_16,flirt
00092D21,stricmp_,stricmp_,library,watcom_clib,,,high,IDA FLIRT Watcom library signature (collapsed body 57 bytes),not_in_fm95,,watcom_clib_17,flirt
00092D5A,unlink_,unlink_,library,watcom_clib,,,high,IDA FLIRT Watcom library signature (collapsed body 31 bytes),not_in_fm95,,watcom_clib_17,flirt
00092D7C,unknown_libname_4,unknown_libname_4,library,watcom_clib,,,high,IDA FLIRT Watcom library signature (collapsed body 87 bytes),not_in_fm95,,watcom_clib_17,flirt
00092EF9,_fstrcspn_,_fstrcspn_,library,watcom_clib,,,high,IDA FLIRT Watcom library signature (collapsed body 73 bytes),not_in_fm95,,watcom_clib_18,flirt
000930A7,mkdir_,mkdir_,library,watcom_clib,,,high,IDA FLIRT Watcom library signature (collapsed body 31 bytes),not_in_fm95,,watcom_clib_19,flirt
000930C6,cget_file_,cget_file_,library,watcom_clib,,,high,IDA FLIRT Watcom library signature (collapsed body 78 bytes),not_in_fm95,,watcom_clib_19,flirt
00093114,uncget_file_,uncget_file_,library,watcom_clib,,,high,IDA FLIRT Watcom library signature (collapsed body 8 bytes),not_in_fm95,,watcom_clib_19,flirt
0009311C,vfscanf_,vfscanf_,library,watcom_clib,,,high,IDA FLIRT Watcom library signature (collapsed body 39 bytes),not_in_fm95,,watcom_clib_19,flirt
00093143,fscanf_,fscanf_,library,watcom_clib,,,high,IDA FLIRT Watcom library signature (collapsed body 33 bytes),not_in_fm95,,watcom_clib_19,flirt
00093284,strcspn_,strcspn_,library,watcom_clib,,,high,IDA FLIRT Watcom library signature (collapsed body 68 bytes),not_in_fm95,,watcom_clib_20,flirt
00096185,fprintf_,fprintf_,library,watcom_clib,,,high,IDA FLIRT Watcom library signature (collapsed body 33 bytes),not_in_fm95,,watcom_clib_21,flirt
000961B0,strupr_,strupr_,library,watcom_clib,,,high,IDA FLIRT Watcom library signature (collapsed body 31 bytes),not_in_fm95,,watcom_clib_21,flirt
000961D0,__CHP,__CHP,library,watcom_clib,,,high,IDA FLIRT Watcom library signature (collapsed body 29 bytes),not_in_fm95,,watcom_clib_21,flirt
000961EE,j___sys_init_387_emulator,j___sys_init_387_emulator,library,watcom_clib,,,high,IDA FLIRT Watcom library signature (collapsed body 5 bytes),not_in_fm95,,watcom_clib_21,flirt
000961F3,j___sys_fini_387_emulator,j___sys_fini_387_emulator,library,watcom_clib,,,high,IDA FLIRT Watcom library signature (collapsed body 5 bytes),not_in_fm95,,watcom_clib_21,flirt
000961F8,strlwr_,strlwr_,library,watcom_clib,,,high,IDA FLIRT Watcom library signature (collapsed body 31 bytes),not_in_fm95,,watcom_clib_21,flirt
00096218,j___delay_,j___delay_,library,watcom_clib,,,high,IDA FLIRT Watcom library signature (collapsed body 5 bytes),not_in_fm95,,watcom_clib_21,flirt
0009621D,perror_,perror_,library,watcom_clib,,,high,IDA FLIRT Watcom library signature (collapsed body 74 bytes),not_in_fm95,,watcom_clib_21,flirt
00096267,write_,write_,library,watcom_clib,,,high,IDA FLIRT Watcom library signature (collapsed body 465 bytes),not_in_fm95,,watcom_clib_21,flirt
00096A58,const ios::failure::cause(void),const ios::failure::cause(void),library,watcom_clib,,,high,IDA FLIRT Watcom library signature (collapsed body 8 bytes),not_in_fm95,,watcom_clib_22,flirt
000972AB,sub_972AB,,library,,,,none,no Genesis counterpart established (front end/menus/PC libs are PC-original); FM95 candidate name listed for reference,from_fm95(unverified),getDsReturnTrue,eacsndf_core,fm95-only
000972B8,sub_972B8,,library,,,,none,no Genesis counterpart established (front end/menus/PC libs are PC-original); FM95 candidate name listed for reference,from_fm95(unverified),getDsReturnZeroA,eacsndf_core,fm95-only
000972C0,sub_972C0,,library,,,,none,no Genesis counterpart established (front end/menus/PC libs are PC-original); FM95 candidate name listed for reference,from_fm95(unverified),getDsReturnZeroB,eacsndf_core,fm95-only
000972C8,sub_972C8,,library,,,,none,no Genesis counterpart established (front end/menus/PC libs are PC-original); FM95 candidate name listed for reference,from_fm95(unverified),getDsReturnMinusOne,eacsndf_core,fm95-only
000972D5,sub_972D5,,library,,,,none,no Genesis counterpart established (front end/menus/PC libs are PC-original); FM95 candidate name listed for reference,from_fm95(unverified),getDsReturnZeroC,eacsndf_core,fm95-only
000972DD,sub_972DD,,library,,,,none,no Genesis counterpart established (front end/menus/PC libs are PC-original); FM95 candidate name listed for reference,from_fm95(unverified),getDsReturnZeroD,eacsndf_core,fm95-only
000972E5,sub_972E5,,library,,,,none,no Genesis counterpart established (front end/menus/PC libs are PC-original); FM95 candidate name listed for reference,from_fm95(unverified),getDsReturnZeroE,eacsndf_core,fm95-only
000972F0,_os_handle_3,_os_handle_3,library,watcom_clib,,,high,IDA FLIRT Watcom library signature (collapsed body 5 bytes),not_in_fm95,,watcom_clib_23,flirt
0009805E,_fmemmove_,_fmemmove_,library,watcom_clib,,,high,IDA FLIRT Watcom library signature (collapsed body 98 bytes),not_in_fm95,,watcom_clib_24,flirt
000980E5,utoa_,utoa_,library,watcom_clib,,,high,IDA FLIRT Watcom library signature (collapsed body 74 bytes),not_in_fm95,,watcom_clib_24,flirt
0009812F,itoa_,itoa_,library,watcom_clib,,,high,IDA FLIRT Watcom library signature (collapsed body 27 bytes),not_in_fm95,,watcom_clib_24,flirt
0009814A,fgets_,fgets_,library,watcom_clib,,,high,IDA FLIRT Watcom library signature (collapsed body 99 bytes),not_in_fm95,,watcom_clib_24,flirt
00098683,__fatal_runtime_error_,__fatal_runtime_error_,library,watcom_clib,,,high,IDA FLIRT Watcom library signature (collapsed body 29 bytes),not_in_fm95,,watcom_clib_25,flirt
000986A0,nullsub_7,nullsub_7,library,watcom_clib,,,high,IDA FLIRT Watcom library signature (collapsed body 1 bytes),not_in_fm95,,watcom_clib_25,flirt
000986C0,unknown_libname_22,unknown_libname_22,library,watcom_clib,,,high,IDA FLIRT Watcom library signature (collapsed body 11 bytes),not_in_fm95,,watcom_clib_25,flirt
000986EF,file_putc_,file_putc_,library,watcom_clib,,,high,IDA FLIRT Watcom library signature (collapsed body 17 bytes),not_in_fm95,,watcom_clib_26,flirt
00098700,__fprtf_,__fprtf_,library,watcom_clib,,,high,IDA FLIRT Watcom library signature (collapsed body 133 bytes),not_in_fm95,,watcom_clib_26,flirt
0009878A,__set_errno_,__set_errno_,library,watcom_clib,,,high,IDA FLIRT Watcom library signature (collapsed body 12 bytes),not_in_fm95,,watcom_clib_26,flirt
00098796,__set_ERANGE_,__set_ERANGE_,library,watcom_clib,,,high,IDA FLIRT Watcom library signature (collapsed body 7 bytes),not_in_fm95,,watcom_clib_26,flirt
0009879D,__set_EINVAL_,__set_EINVAL_,library,watcom_clib,,,high,IDA FLIRT Watcom library signature (collapsed body 16 bytes),not_in_fm95,,watcom_clib_26,flirt
000987AD,__set_doserrno_,__set_doserrno_,library,watcom_clib,,,high,IDA FLIRT Watcom library signature (collapsed body 12 bytes),not_in_fm95,,watcom_clib_26,flirt
000987C0,segread_,segread_,library,watcom_clib,,,high,IDA FLIRT Watcom library signature (collapsed body 40 bytes),not_in_fm95,,dos4gw_dpmi_glue_02,flirt
000987E8,int386x_,int386x_,library,watcom_clib,,,high,IDA FLIRT Watcom library signature (collapsed body 25 bytes),not_in_fm95,,dos4gw_dpmi_glue_02,flirt
00098801,_nexpand_,_nexpand_,library,watcom_clib,,,high,IDA FLIRT Watcom library signature (collapsed body 56 bytes),not_in_fm95,,watcom_clib_27,flirt
00098839,__HeapManager_expand_,__HeapManager_expand_,library,watcom_clib,,,high,IDA FLIRT Watcom library signature (collapsed body 399 bytes),not_in_fm95,,watcom_clib_27,flirt
00098A2B,_nmsize_,_nmsize_,library,watcom_clib,,,high,IDA FLIRT Watcom library signature (collapsed body 9 bytes),not_in_fm95,,watcom_clib_27,flirt
00098A81,spawnl_,spawnl_,library,watcom_clib,,,high,IDA FLIRT Watcom library signature (collapsed body 30 bytes),not_in_fm95,,watcom_clib_28,flirt
00098A9F,strncmp_,strncmp_,library,watcom_clib,,,high,IDA FLIRT Watcom library signature (collapsed body 41 bytes),not_in_fm95,,watcom_clib_28,flirt
00098AC8,_dos_setvect_,_dos_setvect_,library,watcom_clib,,,high,IDA FLIRT Watcom library signature (collapsed body 43 bytes),not_in_fm95,,dos4gw_dpmi_glue_03,flirt
00098AF3,_dos_getvect_,_dos_getvect_,library,watcom_clib,,,high,IDA FLIRT Watcom library signature (collapsed body 52 bytes),not_in_fm95,,dos4gw_dpmi_glue_03,flirt
00099A12,copypart_,copypart_,library,watcom_clib,,,high,IDA FLIRT Watcom library signature (collapsed body 51 bytes),not_in_fm95,,watcom_clib_30,flirt
00099A45,_splitpath_,_splitpath_,library,watcom_clib,,,high,IDA FLIRT Watcom library signature (collapsed body 157 bytes),not_in_fm95,,watcom_clib_30,flirt
00099AE2,pickup_,pickup_,library,watcom_clib,,,high,IDA FLIRT Watcom library signature (collapsed body 18 bytes),not_in_fm95,,watcom_clib_30,flirt
00099AF4,_makepath_,_makepath_,library,watcom_clib,,,high,IDA FLIRT Watcom library signature (collapsed body 203 bytes),not_in_fm95,,watcom_clib_30,flirt
00099BBF,_Full_at_exit_rtn_,_Full_at_exit_rtn_,library,watcom_clib,,,high,IDA FLIRT Watcom library signature (collapsed body 55 bytes),not_in_fm95,,watcom_clib_30,flirt
00099BF6,atexit_,atexit_,library,watcom_clib,,,high,IDA FLIRT Watcom library signature (collapsed body 60 bytes),not_in_fm95,,watcom_clib_30,flirt
00099C32,__CMain,__CMain,library,watcom_clib,,,high,IDA FLIRT Watcom library signature (collapsed body 69 bytes),not_in_fm95,,watcom_clib_30,flirt
00099C82,__InitRtns,__InitRtns,library,watcom_clib,,,high,IDA FLIRT Watcom library signature (collapsed body 75 bytes),not_in_fm95,,watcom_clib_30,flirt
00099CCD,__FiniRtns,__FiniRtns,library,watcom_clib,,,high,IDA FLIRT Watcom library signature (collapsed body 79 bytes),not_in_fm95,,watcom_clib_30,flirt
00099D1C,__prtf_,__prtf_,library,watcom_clib,,,high,IDA FLIRT Watcom library signature (collapsed body 641 bytes),not_in_fm95,,watcom_clib_30,flirt
00099F9D,getprintspecs_,getprintspecs_,library,watcom_clib,,,high,IDA FLIRT Watcom library signature (collapsed body 307 bytes),not_in_fm95,,watcom_clib_30,flirt
0009A0D0,evalflags_,evalflags_,library,watcom_clib,,,high,IDA FLIRT Watcom library signature (collapsed body 91 bytes),not_in_fm95,,watcom_clib_30,flirt
0009A12B,far_strlen_,far_strlen_,library,watcom_clib,,,high,IDA FLIRT Watcom library signature (collapsed body 36 bytes),not_in_fm95,,watcom_clib_30,flirt
0009A14F,far_other_strlen_,far_other_strlen_,library,watcom_clib,,,high,IDA FLIRT Watcom library signature (collapsed body 35 bytes),not_in_fm95,,watcom_clib_30,flirt
0009A172,fmt4hex_,fmt4hex_,library,watcom_clib,,,high,IDA FLIRT Watcom library signature (collapsed body 97 bytes),not_in_fm95,,watcom_clib_30,flirt
0009A1D3,FixedPoint_Format_,FixedPoint_Format_,library,watcom_clib,,,high,IDA FLIRT Watcom library signature (collapsed body 219 bytes),not_in_fm95,,watcom_clib_30,flirt
0009A2AE,float_format_,float_format_,library,watcom_clib,,,high,IDA FLIRT Watcom library signature (collapsed body 7 bytes),not_in_fm95,,watcom_clib_30,flirt
0009A2B5,formstring_,formstring_,library,watcom_clib,,,high,IDA FLIRT Watcom library signature (collapsed body 1097 bytes),not_in_fm95,,watcom_clib_30,flirt
0009A6FE,zupstr_,zupstr_,library,watcom_clib,,,high,IDA FLIRT Watcom library signature (collapsed body 24 bytes),not_in_fm95,,watcom_clib_30,flirt
0009A716,__doserror_,__doserror_,library,watcom_clib,,,high,IDA FLIRT Watcom library signature (collapsed body 19 bytes),not_in_fm95,,watcom_clib_30,flirt
0009A730,_dosretax_,_dosretax_,library,watcom_clib,,,high,IDA FLIRT Watcom library signature (collapsed body 5 bytes),not_in_fm95,,watcom_clib_30,flirt
0009A735,__set_errno_dos_,__set_errno_dos_,library,watcom_clib,,,high,IDA FLIRT Watcom library signature (collapsed body 102 bytes),not_in_fm95,,watcom_clib_30,flirt
0009A874,__MemAllocator,__MemAllocator,library,watcom_clib,,,high,IDA FLIRT Watcom library signature (collapsed body 163 bytes),not_in_fm95,,watcom_clib_31,flirt
0009A91C,__MemFree,__MemFree,library,watcom_clib,,,high,IDA FLIRT Watcom library signature (collapsed body 267 bytes),not_in_fm95,,watcom_clib_31,flirt
0009AA27,__unlink_,__unlink_,library,watcom_clib,,,high,IDA FLIRT Watcom library signature (collapsed body 63 bytes),not_in_fm95,,watcom_clib_31,flirt
0009AA66,__FreeDPMIBlocks_,__FreeDPMIBlocks_,library,watcom_clib,,,high,IDA FLIRT Watcom library signature (collapsed body 94 bytes),not_in_fm95,,dos4gw_dpmi_glue_04,flirt
0009AAC4,__ReAllocDPMIBlock_,__ReAllocDPMIBlock_,library,watcom_clib,,,high,IDA FLIRT Watcom library signature (collapsed body 234 bytes),not_in_fm95,,dos4gw_dpmi_glue_04,flirt
0009ABAE,__LinkUpNewMHeap_,__LinkUpNewMHeap_,library,watcom_clib,,,high,IDA FLIRT Watcom library signature (collapsed body 116 bytes),not_in_fm95,,dos4gw_dpmi_glue_04,flirt
0009AC22,__LastFree_,__LastFree_,library,watcom_clib,,,high,IDA FLIRT Watcom library signature (collapsed body 78 bytes),not_in_fm95,,dos4gw_dpmi_glue_04,flirt
0009AC70,RationalAlloc_,RationalAlloc_,library,watcom_clib,,,high,IDA FLIRT Watcom library signature (collapsed body 211 bytes),not_in_fm95,,dos4gw_dpmi_glue_04,flirt
0009AD43,__CreateNewNHeap_,__CreateNewNHeap_,library,watcom_clib,,,high,IDA FLIRT Watcom library signature (collapsed body 175 bytes),not_in_fm95,,dos4gw_dpmi_glue_04,flirt
0009ADF2,__ExpandDGROUP_,__ExpandDGROUP_,library,watcom_clib,,,high,IDA FLIRT Watcom library signature (collapsed body 324 bytes),not_in_fm95,,dos4gw_dpmi_glue_04,flirt
0009AF36,__AdjustAmount_,__AdjustAmount_,library,watcom_clib,,,high,IDA FLIRT Watcom library signature (collapsed body 119 bytes),not_in_fm95,,dos4gw_dpmi_glue_04,flirt
0009AFB0,tolower_,tolower_,library,watcom_clib,,,high,IDA FLIRT Watcom library signature (collapsed body 14 bytes),not_in_fm95,,watcom_clib_32,flirt
0009AFBE,__allocfp_,__allocfp_,library,watcom_clib,,,high,IDA FLIRT Watcom library signature (collapsed body 168 bytes),not_in_fm95,,watcom_clib_32,flirt
0009B066,__freefp_,__freefp_,library,watcom_clib,,,high,IDA FLIRT Watcom library signature (collapsed body 57 bytes),not_in_fm95,,watcom_clib_32,flirt
0009B0BD,__update_buffer_,__update_buffer_,library,watcom_clib,,,high,IDA FLIRT Watcom library signature (collapsed body 66 bytes),not_in_fm95,,watcom_clib_32,flirt
0009B0FF,fseek_,fseek_,library,watcom_clib,,,high,IDA FLIRT Watcom library signature (collapsed body 252 bytes),not_in_fm95,,watcom_clib_32,flirt
0009B1FB,__chktty_,__chktty_,library,watcom_clib,,,high,IDA FLIRT Watcom library signature (collapsed body 49 bytes),not_in_fm95,,watcom_clib_32,flirt
0009B232,__flush_,__flush_,library,watcom_clib,,,high,IDA FLIRT Watcom library signature (collapsed body 191 bytes),not_in_fm95,,watcom_clib_32,flirt
0009B2F1,ftell_,ftell_,library,watcom_clib,,,high,IDA FLIRT Watcom library signature (collapsed body 48 bytes),not_in_fm95,,watcom_clib_32,flirt
0009B321,__close_,__close_,library,watcom_clib,,,high,IDA FLIRT Watcom library signature (collapsed body 50 bytes),not_in_fm95,,watcom_clib_32,flirt
0009B353,__ioalloc_,__ioalloc_,library,watcom_clib,,,high,IDA FLIRT Watcom library signature (collapsed body 119 bytes),not_in_fm95,,watcom_clib_32,flirt
0009B3CA,fputc_,fputc_,library,watcom_clib,,,high,IDA FLIRT Watcom library signature (collapsed body 164 bytes),not_in_fm95,,watcom_clib_32,flirt
0009B710,isatty_,isatty_,library,watcom_clib,,,high,IDA FLIRT Watcom library signature (collapsed body 30 bytes),not_in_fm95,,watcom_clib_33,flirt
0009B72E,__IOMode_,__IOMode_,library,watcom_clib,,,high,IDA FLIRT Watcom library signature (collapsed body 85 bytes),not_in_fm95,,watcom_clib_33,flirt
0009B783,__SetIOMode_,__SetIOMode_,library,watcom_clib,,,high,IDA FLIRT Watcom library signature (collapsed body 21 bytes),not_in_fm95,,watcom_clib_33,flirt
0009B798,__fsetbits_,__fsetbits_,library,watcom_clib,,,high,IDA FLIRT Watcom library signature (collapsed body 93 bytes),not_in_fm95,,watcom_clib_33,flirt
0009B7F5,__setbits_,__setbits_,library,watcom_clib,,,high,IDA FLIRT Watcom library signature (collapsed body 62 bytes),not_in_fm95,,watcom_clib_33,flirt
0009B833,fgetc_,fgetc_,library,watcom_clib,,,high,IDA FLIRT Watcom library signature (collapsed body 137 bytes),not_in_fm95,,watcom_clib_33,flirt
0009B8BC,__filbuf_,__filbuf_,library,watcom_clib,,,high,IDA FLIRT Watcom library signature (collapsed body 47 bytes),not_in_fm95,,watcom_clib_33,flirt
0009B8EB,__fill_buffer_,__fill_buffer_,library,watcom_clib,,,high,IDA FLIRT Watcom library signature (collapsed body 171 bytes),not_in_fm95,,watcom_clib_33,flirt
0009B996,ungetc_,ungetc_,library,watcom_clib,,,high,IDA FLIRT Watcom library signature (collapsed body 130 bytes),not_in_fm95,,watcom_clib_33,flirt
0009C563,mem_putc__0,mem_putc__0,library,watcom_clib,,,high,IDA FLIRT Watcom library signature (collapsed body 19 bytes),not_in_fm95,,watcom_clib_34,flirt
0009C576,vsprintf_,vsprintf_,library,watcom_clib,,,high,IDA FLIRT Watcom library signature (collapsed body 21 bytes),not_in_fm95,,watcom_clib_34,flirt
0009C58C,j___fprtf_,j___fprtf_,library,watcom_clib,,,high,IDA FLIRT Watcom library signature (collapsed body 5 bytes),not_in_fm95,,watcom_clib_34,flirt
0009D307,__setEFGfmt_,__setEFGfmt_,library,watcom_clib,,,high,IDA FLIRT Watcom library signature (collapsed body 27 bytes),not_in_fm95,,watcom_clib_35,flirt
0009D322,__sys_init_387_emulator,__sys_init_387_emulator,library,watcom_clib,,,high,IDA FLIRT Watcom library signature (collapsed body 48 bytes),not_in_fm95,,watcom_clib_35,flirt
0009D4A7,__sys_fini_387_emulator,__sys_fini_387_emulator,library,watcom_clib,,,high,IDA FLIRT Watcom library signature (collapsed body 122 bytes),not_in_fm95,,watcom_clib_36,flirt
0009D586,__init_8087_,__init_8087_,library,watcom_clib,,,high,IDA FLIRT Watcom library signature (collapsed body 49 bytes),not_in_fm95,,watcom_clib_37,flirt
0009D5C1,__chk8087_,__chk8087_,library,watcom_clib,,,high,IDA FLIRT Watcom library signature (collapsed body 64 bytes),not_in_fm95,,watcom_clib_37,flirt
0009D601,__delay_init_,__delay_init_,library,watcom_clib,,,high,IDA FLIRT Watcom library signature (collapsed body 50 bytes),not_in_fm95,,watcom_clib_37,flirt
0009D633,__delay_,__delay_,library,watcom_clib,,,high,IDA FLIRT Watcom library signature (collapsed body 56 bytes),not_in_fm95,,watcom_clib_37,flirt
0009D677,strerror_,strerror_,library,watcom_clib,,,high,IDA FLIRT Watcom library signature (collapsed body 23 bytes),not_in_fm95,,watcom_clib_37,flirt
0009D698,sub_9D698,,library,,,,none,no Genesis counterpart established (front end/menus/PC libs are PC-original); FM95 candidate name listed for reference,from_fm95(unverified),initIoTables,snd_pcspeaker,fm95-only
0009D6E6,sub_9D6E6,,library,,,,none,no Genesis counterpart established (front end/menus/PC libs are PC-original); FM95 candidate name listed for reference,from_fm95(unverified),shutdownIoTables,snd_pcspeaker,fm95-only
0009D6F3,sub_9D6F3,,library,,,,none,no Genesis counterpart established (front end/menus/PC libs are PC-original); FM95 candidate name listed for reference,from_fm95(unverified),initIoSubsystem,snd_pcspeaker,fm95-only
0009DAAC,sub_9DAAC,,library,,,,none,no Genesis counterpart established (front end/menus/PC libs are PC-original); FM95 candidate name listed for reference,from_fm95(unverified),decodePackedStream8,snd_pcspeaker,fm95-only
0009DC9F,sub_9DC9F,,library,,,,none,no Genesis counterpart established (front end/menus/PC libs are PC-original); FM95 candidate name listed for reference,from_fm95(unverified),decodePackedStream16,snd_pcspeaker,fm95-only
0009DE9C,sub_9DE9C,,library,,,,none,no Genesis counterpart established (front end/menus/PC libs are PC-original); FM95 candidate name listed for reference,from_fm95(unverified),initSubsystemA6A01,snd_adlib,fm95-only
0009DEA9,sub_9DEA9,,library,,,,none,no Genesis counterpart established (front end/menus/PC libs are PC-original); FM95 candidate name listed for reference,from_fm95(unverified),initSubsystemA6A09,snd_adlib,fm95-only
0009DEBE,sub_9DEBE,,library,,,,none,no Genesis counterpart established (front end/menus/PC libs are PC-original); FM95 candidate name listed for reference,from_fm95(unverified),initSubsystemTables,snd_adlib,fm95-only
0009DF73,sub_9DF73,,library,,,,none,no Genesis counterpart established (front end/menus/PC libs are PC-original); FM95 candidate name listed for reference,from_fm95(unverified),updateSubsystemA69FB,snd_adlib,fm95-only
0009DF80,sub_9DF80,,library,,,,none,no Genesis counterpart established (front end/menus/PC libs are PC-original); FM95 candidate name listed for reference,from_fm95(unverified),dispatchSubsystemSlots,snd_adlib,fm95-only
0009E676,sub_9E676,,library,,,,none,no Genesis counterpart established (front end/menus/PC libs are PC-original); FM95 candidate name listed for reference,from_fm95(unverified),decodePackedStream16B,snd_adlib,fm95-only
0009F226,sub_9F226,,library,,,,none,no Genesis counterpart established (front end/menus/PC libs are PC-original); FM95 candidate name listed for reference,from_fm95(unverified),parseBlasterEnv,snd_soundblaster,fm95-only
0009F387,sub_9F387,,library,,,,none,no Genesis counterpart established (front end/menus/PC libs are PC-original); FM95 candidate name listed for reference,from_fm95(unverified),initBlasterDmaBuffer,snd_soundblaster,fm95-only
0009F418,sub_9F418,,library,,,,none,no Genesis counterpart established (front end/menus/PC libs are PC-original); FM95 candidate name listed for reference,from_fm95(unverified),initBlasterVoiceTables,snd_soundblaster,fm95-only
0009F4A0,sub_9F4A0,,library,,,,none,no Genesis counterpart established (front end/menus/PC libs are PC-original); FM95 candidate name listed for reference,from_fm95(unverified),shutdownBlasterDevice,snd_soundblaster,fm95-only
0009F4C8,sub_9F4C8,,library,,,,none,no Genesis counterpart established (front end/menus/PC libs are PC-original); FM95 candidate name listed for reference,from_fm95(unverified),updateBlasterVoices,snd_soundblaster,fm95-only
0009F577,sub_9F577,,library,,,,none,no Genesis counterpart established (front end/menus/PC libs are PC-original); FM95 candidate name listed for reference,from_fm95(unverified),handleBlasterCommand,snd_soundblaster,fm95-only
0009F622,sub_9F622,,library,,,,none,no Genesis counterpart established (front end/menus/PC libs are PC-original); FM95 candidate name listed for reference,from_fm95(unverified),setBlasterChannelValue,snd_soundblaster,fm95-only
0009F642,sub_9F642,,library,,,,none,no Genesis counterpart established (front end/menus/PC libs are PC-original); FM95 candidate name listed for reference,from_fm95(unverified),submitBlasterMixParams,snd_soundblaster,fm95-only
0009FD94,sub_9FD94,,library,,,,none,no Genesis counterpart established (front end/menus/PC libs are PC-original); FM95 candidate name listed for reference,from_fm95(unverified),getSoundDriverId,snd_mt32_mpu401,fm95-only
0009FD9A,sub_9FD9A,,library,,,,none,no Genesis counterpart established (front end/menus/PC libs are PC-original); FM95 candidate name listed for reference,from_fm95(unverified),initSoundPorts,snd_mt32_mpu401,fm95-only
0009FDEA,sub_9FDEA,,library,,,,none,no Genesis counterpart established (front end/menus/PC libs are PC-original); FM95 candidate name listed for reference,from_fm95(unverified),initSoundPortsMasked,snd_mt32_mpu401,fm95-only
0009FE3B,sub_9FE3B,,library,,,,none,no Genesis counterpart established (front end/menus/PC libs are PC-original); FM95 candidate name listed for reference,from_fm95(unverified),resetSoundChip,snd_mt32_mpu401,fm95-only
0009FFA0,sub_9FFA0,,library,,,,none,no Genesis counterpart established (front end/menus/PC libs are PC-original); FM95 candidate name listed for reference,from_fm95(unverified),sendSoundBytes,snd_mt32_mpu401,fm95-only
000A04B9,sub_A04B9,,library,,,,none,no Genesis counterpart established (front end/menus/PC libs are PC-original); FM95 candidate name listed for reference,from_fm95(unverified),ensureAudioDriverReady,snd_gus,fm95-only
000A053C,sub_A053C,,library,,,,none,no Genesis counterpart established (front end/menus/PC libs are PC-original); FM95 candidate name listed for reference,from_fm95(unverified),getAudioDriverInfo,snd_gus,fm95-only
000A059B,sub_A059B,,library,,,,none,no Genesis counterpart established (front end/menus/PC libs are PC-original); FM95 candidate name listed for reference,from_fm95(unverified),initAudioSystemB,snd_gus,fm95-only
000A05D3,sub_A05D3,,library,,,,none,no Genesis counterpart established (front end/menus/PC libs are PC-original); FM95 candidate name listed for reference,from_fm95(unverified),initAudioSystemA,snd_gus,fm95-only
000A060B,sub_A060B,,library,,,,none,no Genesis counterpart established (front end/menus/PC libs are PC-original); FM95 candidate name listed for reference,from_fm95(unverified),shutdownAudioSystemB,snd_gus,fm95-only
000A0643,sub_A0643,,library,,,,none,no Genesis counterpart established (front end/menus/PC libs are PC-original); FM95 candidate name listed for reference,from_fm95(unverified),shutdownAudioSystemA,snd_gus,fm95-only
000A067B,sub_A067B,,library,,,,none,no Genesis counterpart established (front end/menus/PC libs are PC-original); FM95 candidate name listed for reference,from_fm95(unverified),updateAudioVoices,snd_gus,fm95-only
000A076E,sub_A076E,,library,,,,none,no Genesis counterpart established (front end/menus/PC libs are PC-original); FM95 candidate name listed for reference,from_fm95(unverified),handleAudioCommand,snd_gus,fm95-only
000A0853,sub_A0853,,library,,,,none,no Genesis counterpart established (front end/menus/PC libs are PC-original); FM95 candidate name listed for reference,from_fm95(unverified),setAudioChannelValue,snd_gus,fm95-only
000A0886,sub_A0886,,library,,,,none,no Genesis counterpart established (front end/menus/PC libs are PC-original); FM95 candidate name listed for reference,from_fm95(unverified),submitAudioEvent,snd_gus,fm95-only
000A0D99,sub_A0D99,,library,,,,none,no Genesis counterpart established (front end/menus/PC libs are PC-original); FM95 candidate name listed for reference,from_fm95(unverified),decodeAudioScriptA,snd_gus,fm95-only
000A0FEA,sub_A0FEA,,library,,,,none,no Genesis counterpart established (front end/menus/PC libs are PC-original); FM95 candidate name listed for reference,from_fm95(unverified),decodeAudioScriptB,snd_gus,fm95-only
000A1877,__EnterWVIDEO_,__EnterWVIDEO_,library,watcom_clib,,,high,IDA FLIRT Watcom library signature (collapsed body 38 bytes),not_in_fm95,,dos4gw_dpmi_glue_05,flirt
000A189E,__int386x_,__int386x_,library,watcom_clib,,,high,IDA FLIRT Watcom library signature (collapsed body 56 bytes),not_in_fm95,,dos4gw_dpmi_glue_06,flirt
000A18D6,sub_A18D6,sub_A18D6,library,watcom_clib,,,high,IDA FLIRT Watcom library signature (collapsed body 37 bytes),not_in_fm95,,watcom_clib_39,flirt
000A18FB,_DoINTR_,_DoINTR_,library,watcom_clib,,,high,IDA FLIRT Watcom library signature (collapsed body 77 bytes),not_in_fm95,,dos4gw_dpmi_glue_07,flirt
000A1C7C,__Slash_C_,__Slash_C_,library,watcom_clib,,,high,IDA FLIRT Watcom library signature (collapsed body 38 bytes),not_in_fm95,,dos4gw_intr,flirt
000A2AC8,abs_,abs_,library,watcom_clib,,,high,IDA FLIRT Watcom library signature (collapsed body 7 bytes),not_in_fm95,,watcom_clib_40,flirt
000A2ADC,sub_A2ADC,sub_A2ADC,library,watcom_clib,,,high,IDA FLIRT Watcom library signature (collapsed body 18 bytes),not_in_fm95,,watcom_clib_40,flirt
000A2B13,ultoa_,ultoa_,library,watcom_clib,,,high,IDA FLIRT Watcom library signature (collapsed body 73 bytes),not_in_fm95,,watcom_clib_40,flirt
000A2B5C,ltoa_,ltoa_,library,watcom_clib,,,high,IDA FLIRT Watcom library signature (collapsed body 27 bytes),not_in_fm95,,watcom_clib_40,flirt
000A2B77,toupper_,toupper_,library,watcom_clib,,,high,IDA FLIRT Watcom library signature (collapsed body 14 bytes),not_in_fm95,,watcom_clib_40,flirt
000A2B95,sbrk_,sbrk_,library,watcom_clib,,,high,IDA FLIRT Watcom library signature (collapsed body 185 bytes),not_in_fm95,,dos4gw_dpmi_glue_08,flirt
000A2C54,__brk_,__brk_,library,watcom_clib,,,high,IDA FLIRT Watcom library signature (collapsed body 194 bytes),not_in_fm95,,dos4gw_dpmi_glue_08,flirt
000A2D16,tell_,tell_,library,watcom_clib,,,high,IDA FLIRT Watcom library signature (collapsed body 17 bytes),not_in_fm95,,watcom_clib_41,flirt
000A2D27,__InitFiles_,__InitFiles_,library,watcom_clib,,,high,IDA FLIRT Watcom library signature (collapsed body 120 bytes),not_in_fm95,,watcom_clib_41,flirt
000A2D9F,__full_io_exit_,__full_io_exit_,library,watcom_clib,,,high,IDA FLIRT Watcom library signature (collapsed body 12 bytes),not_in_fm95,,watcom_clib_41,flirt
000A2DB0,docloseall_,docloseall_,library,watcom_clib,,,high,IDA FLIRT Watcom library signature (collapsed body 82 bytes),not_in_fm95,,watcom_clib_41,flirt
000A2E02,__qwrite_,__qwrite_,library,watcom_clib,,,high,IDA FLIRT Watcom library signature (collapsed body 124 bytes),not_in_fm95,,watcom_clib_41,flirt
000A2E85,__flushall_,__flushall_,library,watcom_clib,,,high,IDA FLIRT Watcom library signature (collapsed body 47 bytes),not_in_fm95,,watcom_clib_41,flirt
000A2EB4,getche_,getche_,library,watcom_clib,,,high,IDA FLIRT Watcom library signature (collapsed body 29 bytes),not_in_fm95,,watcom_clib_41,flirt
000A2ED1,__qread_,__qread_,library,watcom_clib,,,high,IDA FLIRT Watcom library signature (collapsed body 31 bytes),not_in_fm95,,watcom_clib_41,flirt
000A2EF0,__FDFS,__FDFS,library,watcom_clib,,,high,IDA FLIRT Watcom library signature (collapsed body 76 bytes),not_in_fm95,,watcom_clib_41,flirt
000A321C,forcedecpt_,forcedecpt_,library,watcom_clib,,,high,IDA FLIRT Watcom library signature (collapsed body 72 bytes),not_in_fm95,,watcom_clib_42,flirt
000A3264,__cnvs2d_,__cnvs2d_,library,watcom_clib,,,high,IDA FLIRT Watcom library signature (collapsed body 14 bytes),not_in_fm95,,watcom_clib_42,flirt
000A649A,__hook387,__hook387,library,watcom_clib,,,high,IDA FLIRT Watcom library signature (collapsed body 202 bytes),not_in_fm95,,watcom_emu387,flirt
000A6564,__unhook387,__unhook387,library,watcom_clib,,,high,IDA FLIRT Watcom library signature (collapsed body 89 bytes),not_in_fm95,,watcom_emu387,flirt
000A65BD,nullsub_3,nullsub_3,library,watcom_clib,,,high,IDA FLIRT Watcom library signature (collapsed body 1 bytes),not_in_fm95,,watcom_emu387,flirt
000A65BE,__init_80x87,__init_80x87,library,watcom_clib,,,high,IDA FLIRT Watcom library signature (collapsed body 39 bytes),not_in_fm95,,watcom_emu387,flirt
000A6B87,getenv_,getenv_,library,watcom_clib,,,high,IDA FLIRT Watcom library signature (collapsed body 90 bytes),not_in_fm95,,watcom_clib_43,flirt
000AA200,outp_,outp_,library,watcom_clib,,,high,IDA FLIRT Watcom library signature (collapsed body 14 bytes),not_in_fm95,,watcom_clib_44,flirt
000AB180,sub_AB180,,library,,,,none,no Genesis counterpart established (front end/menus/PC libs are PC-original); FM95 candidate name listed for reference,from_fm95(unverified),initAudioDriverTables,snd_gus_sdk_01,fm95-only
000AD434,sub_AD434,,library,,,,none,no Genesis counterpart established (front end/menus/PC libs are PC-original); FM95 candidate name listed for reference,from_fm95(unverified),probeAudioVoices,snd_gus_sdk_01,fm95-only
000ADEE8,nullsub_4,nullsub_4,library,watcom_clib,,,high,IDA FLIRT Watcom library signature (collapsed body 1 bytes),not_in_fm95,,watcom_clib_45,flirt
000AF6D3,__setenvp_,__setenvp_,library,watcom_clib,,,high,IDA FLIRT Watcom library signature (collapsed body 212 bytes),not_in_fm95,,watcom_clib_46,flirt
000AF7A7,stpcpy_,stpcpy_,library,watcom_clib,,,high,IDA FLIRT Watcom library signature (collapsed body 15 bytes),not_in_fm95,,watcom_clib_46,flirt
000AF7B6,__cenvarg_,__cenvarg_,library,watcom_clib,,,high,IDA FLIRT Watcom library signature (collapsed body 312 bytes),not_in_fm95,,watcom_clib_46,flirt
000AF8EE,__ccmdline_,__ccmdline_,library,watcom_clib,,,high,IDA FLIRT Watcom library signature (collapsed body 85 bytes),not_in_fm95,,watcom_clib_46,flirt
000AF943,__dospawn,__dospawn,library,watcom_clib,,,high,IDA FLIRT Watcom library signature (collapsed body 206 bytes),not_in_fm95,,watcom_clib_46,flirt
000AFA11,pcopy_,pcopy_,library,watcom_clib,,,high,IDA FLIRT Watcom library signature (collapsed body 68 bytes),not_in_fm95,,watcom_clib_46,flirt
000AFA55,_splitpath2_,_splitpath2_,library,watcom_clib,,,high,IDA FLIRT Watcom library signature (collapsed body 137 bytes),not_in_fm95,,watcom_clib_46,flirt
000B00E4,strrchr_,strrchr_,library,watcom_clib,,,high,IDA FLIRT Watcom library signature (collapsed body 26 bytes),not_in_fm95,,watcom_clib_47,flirt
000B028E,DoEFormat_,DoEFormat_,library,watcom_clib,,,high,IDA FLIRT Watcom library signature (collapsed body 167 bytes),not_in_fm95,,watcom_clib_48,flirt
000B0335,DoFFormat_,DoFFormat_,library,watcom_clib,,,high,IDA FLIRT Watcom library signature (collapsed body 99 bytes),not_in_fm95,,watcom_clib_48,flirt
000B0398,AdjField_,AdjField_,library,watcom_clib,,,high,IDA FLIRT Watcom library signature (collapsed body 107 bytes),not_in_fm95,,watcom_clib_48,flirt
000B0403,_FtoS_,_FtoS_,library,watcom_clib,,,high,IDA FLIRT Watcom library signature (collapsed body 548 bytes),not_in_fm95,,watcom_clib_48,flirt
000B0627,strtod_,strtod_,library,watcom_clib,,,high,IDA FLIRT Watcom library signature (collapsed body 425 bytes),not_in_fm95,,watcom_clib_48,flirt
000B0C5C,sub_B0C5C,,library,,,,none,no Genesis counterpart established (front end/menus/PC libs are PC-original); FM95 candidate name listed for reference,from_fm95(unverified),initAudioDeviceB0,snd_gus_sdk_05,fm95-only
000B128C,inp_,inp_,library,watcom_clib,,,high,IDA FLIRT Watcom library signature (collapsed body 8 bytes),not_in_fm95,,watcom_clib_49,flirt
000B1951,inpw_,inpw_,library,watcom_clib,,,high,IDA FLIRT Watcom library signature (collapsed body 9 bytes),not_in_fm95,,watcom_clib_50,flirt
000B19C7,outpw_,outpw_,library,watcom_clib,,,high,IDA FLIRT Watcom library signature (collapsed body 11 bytes),not_in_fm95,,watcom_clib_51,flirt
000B19E0,sub_B19E0,,library,,,,none,no Genesis counterpart established (front end/menus/PC libs are PC-original); FM95 candidate name listed for reference,from_fm95(unverified),initAudioQueueState,snd_gus_sdk_08,fm95-only
000B1C70,sub_B1C70,,library,,,,none,no Genesis counterpart established (front end/menus/PC libs are PC-original); FM95 candidate name listed for reference,from_fm95(unverified),resetAudioHandleSlots,snd_gus_sdk_08,fm95-only
000B2220,__Nan_Inf_,__Nan_Inf_,library,watcom_clib,,,high,IDA FLIRT Watcom library signature (collapsed body 132 bytes),not_in_fm95,,watcom_clib_52,flirt
000B22A4,floor_,floor_,library,watcom_clib,,,high,IDA FLIRT Watcom library signature (collapsed body 60 bytes),not_in_fm95,,watcom_clib_52,flirt
000B22E0,_Scale_,_Scale_,library,watcom_clib,,,high,IDA FLIRT Watcom library signature (collapsed body 65 bytes),not_in_fm95,,watcom_clib_52,flirt
000B2321,_Scale10V_,_Scale10V_,library,watcom_clib,,,high,IDA FLIRT Watcom library signature (collapsed body 231 bytes),not_in_fm95,,watcom_clib_52,flirt
000B2408,__cvt_,__cvt_,library,watcom_clib,,,high,IDA FLIRT Watcom library signature (collapsed body 486 bytes),not_in_fm95,,watcom_clib_52,flirt
000B25EE,unknown_libname_5,unknown_libname_5,library,watcom_clib,,,high,IDA FLIRT Watcom library signature (collapsed body 144 bytes),not_in_fm95,,watcom_clib_52,flirt
000B267E,unknown_libname_6,unknown_libname_6,library,watcom_clib,,,high,IDA FLIRT Watcom library signature (collapsed body 75 bytes),not_in_fm95,,watcom_clib_52,flirt
000B26C9,sub_B26C9,sub_B26C9,library,watcom_clib,,,high,IDA FLIRT Watcom library signature (collapsed body 81 bytes),not_in_fm95,,watcom_clib_52,flirt
000B27A0,modf_,modf_,library,watcom_clib,,,high,IDA FLIRT Watcom library signature (collapsed body 25 bytes),not_in_fm95,,watcom_clib_53,flirt
000B27BA,__CmpBigInt,__CmpBigInt,library,watcom_clib,,,high,IDA FLIRT Watcom library signature (collapsed body 58 bytes),not_in_fm95,,watcom_clib_53,flirt
000B27F4,__Rnd2Int,__Rnd2Int,library,watcom_clib,,,high,IDA FLIRT Watcom library signature (collapsed body 107 bytes),not_in_fm95,,watcom_clib_53,flirt
000B285F,__Bin2String,__Bin2String,library,watcom_clib,,,high,IDA FLIRT Watcom library signature (collapsed body 106 bytes),not_in_fm95,,watcom_clib_53,flirt
000B297E,sub_B297E,sub_B297E,library,watcom_clib,,,high,IDA FLIRT Watcom library signature (collapsed body 2 bytes),not_in_fm95,,watcom_clib_54,flirt
000B2980,frexp_,frexp_,library,watcom_clib,,,high,IDA FLIRT Watcom library signature (collapsed body 111 bytes),not_in_fm95,,watcom_clib_54,flirt
000B3D94,sub_B3D94,sroot,93G,middle93_1.asm,video94.asm,92G sroot; 95G sroot,low,"callee alignment under 2 matched caller(s) checkgoalp, doshot; cosine: 0.00; fieldseq: 0.00; shared: ; calls: 0 known Genesis callees present, 0 missing, 0 extra; size: ninsn PC 41 / G 46; note: library-zone routine: role correspondence only (different implementation)",not_in_fm95,,ea_fileio,callgraph(it1)
000B52B4,sub_B52B4,,library,,,,none,no Genesis counterpart established (front end/menus/PC libs are PC-original); FM95 candidate name listed for reference,from_fm95(unverified),blitSpriteStripA,vga_blitters,fm95-only
000B5584,sub_B5584,,library,,,,none,no Genesis counterpart established (front end/menus/PC libs are PC-original); FM95 candidate name listed for reference,from_fm95(unverified),blitSpriteStripB,vga_blitters,fm95-only
000B56B8,sub_B56B8,,library,,,,none,no Genesis counterpart established (front end/menus/PC libs are PC-original); FM95 candidate name listed for reference,from_fm95(unverified),blitSpriteStripC,vga_blitters,fm95-only
000B5974,sub_B5974,,library,,,,none,no Genesis counterpart established (front end/menus/PC libs are PC-original); FM95 candidate name listed for reference,from_fm95(unverified),blitSpriteStripD,vga_blitters,fm95-only
000B5AC8,sub_B5AC8,,library,,,,none,no Genesis counterpart established (front end/menus/PC libs are PC-original); FM95 candidate name listed for reference,from_fm95(unverified),blitSpriteStripE,vga_blitters,fm95-only
000B5D80,sub_B5D80,,library,,,,none,no Genesis counterpart established (front end/menus/PC libs are PC-original); FM95 candidate name listed for reference,from_fm95(unverified),isWithinRenderBounds,vesa_banked_blit,fm95-only
000B5DB0,sub_B5DB0,,library,,,,none,no Genesis counterpart established (front end/menus/PC libs are PC-original); FM95 candidate name listed for reference,from_fm95(unverified),writePixelWithBanking,vesa_banked_blit,fm95-only
000B5E00,sub_B5E00,,library,,,,none,no Genesis counterpart established (front end/menus/PC libs are PC-original); FM95 candidate name listed for reference,from_fm95(unverified),passThroughInt,vesa_banked_blit,fm95-only
000B5E04,sub_B5E04,,library,,,,none,no Genesis counterpart established (front end/menus/PC libs are PC-original); FM95 candidate name listed for reference,from_fm95(unverified),setVideoBank,vesa_banked_blit,fm95-only
000B5EA7,sub_B5EA7,,library,,,,none,no Genesis counterpart established (front end/menus/PC libs are PC-original); FM95 candidate name listed for reference,from_fm95(unverified),setVesaVideoMode,vesa_banked_blit,fm95-only
000B5EB8,sub_B5EB8,,library,,,,none,no Genesis counterpart established (front end/menus/PC libs are PC-original); FM95 candidate name listed for reference,from_fm95(unverified),biosVideoCall,vesa_banked_blit,fm95-only
000B5F0F,sub_B5F0F,,library,,,,none,no Genesis counterpart established (front end/menus/PC libs are PC-original); FM95 candidate name listed for reference,from_fm95(unverified),blitRectCopy,vesa_banked_blit,fm95-only
000B608B,sub_B608B,,library,,,,none,no Genesis counterpart established (front end/menus/PC libs are PC-original); FM95 candidate name listed for reference,from_fm95(unverified),blitRectXor,vesa_banked_blit,fm95-only
000B6217,sub_B6217,,library,,,,none,no Genesis counterpart established (front end/menus/PC libs are PC-original); FM95 candidate name listed for reference,from_fm95(unverified),blitRectAnd,vesa_banked_blit,fm95-only
000B63AC,sub_B63AC,,library,,,,none,no Genesis counterpart established (front end/menus/PC libs are PC-original); FM95 candidate name listed for reference,from_fm95(unverified),andPixelWithBanking,vesa_banked_blit,fm95-only
000B6423,sub_B6423,,library,,,,none,no Genesis counterpart established (front end/menus/PC libs are PC-original); FM95 candidate name listed for reference,from_fm95(unverified),blitRectOr,vesa_banked_blit,fm95-only
000B65B8,sub_B65B8,,library,,,,none,no Genesis counterpart established (front end/menus/PC libs are PC-original); FM95 candidate name listed for reference,from_fm95(unverified),orPixelWithBanking,vesa_banked_blit,fm95-only
000B6665,sub_B6665,,library,,,,none,no Genesis counterpart established (front end/menus/PC libs are PC-original); FM95 candidate name listed for reference,from_fm95(unverified),fillRectSolid,vesa_banked_blit,fm95-only
000B677D,sub_B677D,,library,,,,none,no Genesis counterpart established (front end/menus/PC libs are PC-original); FM95 candidate name listed for reference,from_fm95(unverified),xorFillRect,vesa_banked_blit,fm95-only
000B6887,sub_B6887,,library,,,,none,no Genesis counterpart established (front end/menus/PC libs are PC-original); FM95 candidate name listed for reference,from_fm95(unverified),blitRectCopyFast,vesa_banked_blit,fm95-only
000B693C,sub_B693C,,library,,,,none,no Genesis counterpart established (front end/menus/PC libs are PC-original); FM95 candidate name listed for reference,from_fm95(unverified),blitRectTransparentFF,vesa_banked_blit,fm95-only
000B69E4,sub_B69E4,,library,,,,none,no Genesis counterpart established (front end/menus/PC libs are PC-original); FM95 candidate name listed for reference,from_fm95(unverified),blitRectTransparentFFAlt,vesa_banked_blit,fm95-only
000B6B3F,sub_B6B3F,,library,,,,none,no Genesis counterpart established (front end/menus/PC libs are PC-original); FM95 candidate name listed for reference,from_fm95(unverified),copyFramebufferToBuffer,vesa_banked_blit,fm95-only
000B6BE5,sub_B6BE5,,library,,,,none,no Genesis counterpart established (front end/menus/PC libs are PC-original); FM95 candidate name listed for reference,from_fm95(unverified),blitRectTransparentMappedBanked,vesa_banked_blit,fm95-only
000B6D47,sub_B6D47,,library,,,,none,no Genesis counterpart established (front end/menus/PC libs are PC-original); FM95 candidate name listed for reference,from_fm95(unverified),blitRectTransparentMapped,vesa_banked_blit,fm95-only
000B6DF7,sub_B6DF7,,library,,,,none,no Genesis counterpart established (front end/menus/PC libs are PC-original); FM95 candidate name listed for reference,from_fm95(unverified),blitRectCopyAligned,vesa_banked_blit,fm95-only
000B6F84,sub_B6F84,,library,,,,none,no Genesis counterpart established (front end/menus/PC libs are PC-original); FM95 candidate name listed for reference,from_fm95(unverified),setRenderBounds,vesa_banked_blit,fm95-only
000B6FFC,sub_B6FFC,,library,,,,none,no Genesis counterpart established (front end/menus/PC libs are PC-original); FM95 candidate name listed for reference,from_fm95(unverified),getRectWidth,vesa_banked_blit,fm95-only
000B7005,sub_B7005,,library,,,,none,no Genesis counterpart established (front end/menus/PC libs are PC-original); FM95 candidate name listed for reference,from_fm95(unverified),getRectHeight,vesa_banked_blit,fm95-only
000B704C,sub_B704C,,library,,,,none,no Genesis counterpart established (front end/menus/PC libs are PC-original); FM95 candidate name listed for reference,from_fm95(unverified),renderSpanPrimitive,vesa_banked_blit,fm95-only
000B7218,sub_B7218,,library,,,,none,no Genesis counterpart established (front end/menus/PC libs are PC-original); FM95 candidate name listed for reference,from_fm95(unverified),decodeRleBlock,vesa_banked_blit,fm95-only
000B72D4,sub_B72D4,,library,,,,none,no Genesis counterpart established (front end/menus/PC libs are PC-original); FM95 candidate name listed for reference,from_fm95(unverified),setBankedBlitTable,vesa_banked_blit,fm95-only
000B72E9,sub_B72E9,,library,,,,none,no Genesis counterpart established (front end/menus/PC libs are PC-original); FM95 candidate name listed for reference,from_fm95(unverified),blitBankedSpanTransparent,vesa_banked_blit,fm95-only
000B7420,sub_B7420,,library,,,,none,no Genesis counterpart established (front end/menus/PC libs are PC-original); FM95 candidate name listed for reference,from_fm95(unverified),blitBankedSpanFast,vesa_banked_blit,fm95-only
000B763B,sub_B763B,,library,,,,none,no Genesis counterpart established (front end/menus/PC libs are PC-original); FM95 candidate name listed for reference,from_fm95(unverified),blitRectTransparentMappedFE,vesa_banked_blit,fm95-only
000B77F4,sub_B77F4,,library,,,,none,no Genesis counterpart established (front end/menus/PC libs are PC-original); FM95 candidate name listed for reference,from_fm95(unverified),blitRectTransparentMappedFEFast,vesa_banked_blit,fm95-only
000C020C,,awards names (95G awards95 role),95G,awards95,,,low,award name strings (Conn Smythe ...) - same role as 95G awards95 table; PC text/case differs,not_in_fm95,,dseg02,data
000C053C,,TeamList city names,94G,teamdata94.asm,teamdata94.asm,,medium,team city string table incl. ANAHEIM/FLORIDA (26-team 94G list; 93G TeamList has 24),not_in_fm95,,dseg02,data
000C1B40,,PenaltyList,93G,hockey93_11.asm,data94.asm,,medium,penalty name strings in Genesis order (+ .pen file table D273E),not_in_fm95,,dseg02,data
000C5951,,CreditsList,94G,teamdata94.asm,teamdata94.asm,,high,credit names Chip Lange / Steve Babineau exist only in 94G (93G Credits lacks them),not_in_fm95,,dseg02,data
000C9100,,StanleyCupTimer (RNG seed),93G,ram93.asm,ram94.asm (RNGseed),,medium,"seed of the randomd0 LCG port; 93G names the seed StanleyCupTimer, 94G RNGseed",not_in_fm95,,dseg02,data
000C9161,,asstab,93G,hockey93_11.asm,data94.asm,,medium,"code-pointer table (47 dseg->cseg fixups) dispatched by updateplayers; slots 0-$1C = 93G asstab (content-verified), slots $1D-$2E are PC-own assignments (94G $1D-$23 names fail content check)",not_in_fm95,,dseg02,data
0005F745,sub_5F745,dostop,93G,logic93_5.asm,checks94.asm,,high,manual trace: called from doplayeracc 5E16D when dir==9; |Xvel| or |Yvel| > 1000h -> SetSPA stop/glide (pfrev bit 44h.4) else falls to StopNA 5F82A; same $1000 test as 93G/94G dostop,not_in_fm95,,engine_skating,manual-trace
0005F82A,sub_5F82A,StopNA,93G,logic93_5.asm,checks94.asm,,high,manual trace: moves Xvel/Yvel toward 0 by a per-axis step without overshoot; called from dostop and goalie path 5F8B2; PC step = 200+legstr (goalie +2*legstr) vs 93G/94G fixed $96,not_in_fm95,,engine_skating,manual-trace
